东方夏湾拿 4室2厅 东,东方夏湾拿,太平镇,4室2厅 ,363.96, 东 , 其他 ,3,2005, 平房,1,11,8500000.0,23355,VR房源 房本满五年 
雅居乐小院流溪 4室2厅 南,雅居乐小院流溪,赤草,4室2厅 ,140.35, 南 , 其他 ,17,2013, 塔楼,2,12,1700000.0,12113,VR看装修 房本满五年 
雅居乐小院流溪 3室1厅 西南,雅居乐小院流溪,赤草,3室1厅 ,110.56, 西南 , 其他 ,16,2015, 塔楼,7,17,1350000.0,12211,VR看装修 房本满两年 随时看房 
人盛巴厘天地 3室2厅 东南,人盛巴厘天地,神岗镇,3室2厅 ,108.99, 东南 , 毛坯 ,17,2012, 塔楼,0,29,1200000.0,11011,VR看装修 房本满两年 随时看房 
环境优南北对流 空气好 地铁精装洋房带大阳台,逸泉山庄,赤草,3室2厅 ,139.0, 南 , 精装 ,11,2011, 塔楼,4, 一年前发布,2050000.0,14749,近地铁 VR看装修 房本满两年 随时看房 
星汇峰  中层 三房两厅 二孩家庭刚需户型,星汇峰,太平镇,3室2厅 ,100.08, 东北 , 毛坯 ,6,2010, 塔楼,1, 一年前发布,1200000.0,11991,VR看装修 房本满两年 随时看房 
流溪河畔，低密度别墅，居住舒适，环境优美,流溪河山庄,赤草,4室2厅 ,139.26, 西北 , 精装 ,3,2000, 塔楼,35, 4个月以前发布,1850000.0,13285,VR房源 房本满五年 随时看房 
业主真心出售，南北对流，稀有的大户型！！！！！！！,人盛巴厘天地,神岗镇,3室2厅 ,119.87, 南 , 毛坯 ,17,2012, 塔楼,0, 一年前发布,1300000.0,10846,VR看装修 房本满五年 随时看房 
高层复式洋房，毛坯房可按自己喜欢风格装修，。,大城云山,太平镇,5室2厅 ,143.8, 西南 , 毛坯 ,15,2016, 塔楼,7, 2个月以前发布,1950000.0,13561,近地铁 VR房源 房本满两年 随时看房 
珠江壹城别墅大花园210方，位置好,珠江壹城,神岗镇,4室1厅 ,378.22, 东南 , 毛坯 ,2, 板塔结合 , 独栋别墅 ,2, 2个月以前发布,5500000.0,14542,VR房源 房本满两年 随时看房 
地铁口14号线！联排别墅！花园130方左右,逸泉山庄,赤草,5室2厅 ,206.0, 东北 , 精装 ,3, 暂无数据 , 联排别墅 ,11, 1个月以前发布,3750000.0,18204,VR房源 房本满五年 随时看房 
户型方正，采光充足，交通过便利,逸泉山庄,赤草,3室2厅 ,138.72, 南 北 , 简装 ,11,2011, 塔楼,10, 一年前发布,1900000.0,13697,近地铁 VR看装修 房本满五年 随时看房 
山水御苑大三房 东南向南北对流 前后阳台视野优美,珠光山水御苑,江浦街,4室2厅 ,140.31, 南 , 毛坯 ,32,2016, 塔楼,3, 3个月以前发布,1350000.0,9622,VR房源 房本满两年 随时看房 
珠江壹城别墅精装修入住，三层双拼别墅房适合养老居住,珠江壹城,神岗镇,5室2厅 ,324.77, 东南 , 精装 ,2, 板塔结合 , 独栋别墅 ,3, 一年前发布,5260000.0,16197,VR房源 房本满五年 随时看房 
新区独栋别墅   东南向  单边位   大花园,方圆明月山溪,温泉镇,4室2厅 ,297.47, 东南 , 简装 ,3, 塔楼 , 独栋别墅 ,31, 3个月以前发布,3128000.0,10516,VR房源 房本满五年 随时看房 
逸泉山庄 地铁口物业 连排别墅 300万带80方花园,逸泉山庄,赤草,3室2厅 ,142.46, 南 , 毛坯 ,2,2008, 平房,34, 9个月以前发布,2800000.0,19655,VR房源 房本满五年 随时看房 
雅居乐物业，低层洋房，大三房。,雅居乐小院流溪,赤草,3室2厅 ,140.71, 东南 , 毛坯 ,17,2013, 塔楼,29, 5个月以前发布,1350000.0,9595,VR看装修 房本满两年 随时看房 
东方夏湾拿 玉带缠腰 依山傍水 流溪河旁生活区 空气好,东方夏湾拿,太平镇,5室2厅 ,173.73, 东南 , 其他 ,3, 暂无数据 , 独栋别墅 ,11,22,2600000.0,14966,VR房源 房本满五年 随时看房 
急售急售 ! 双层复式76平4房，精装，业主从未住过,紫泉翠荔嘉园,太平镇,2室2厅 ,76.41, 南 , 精装 ,6,2005, 板楼,80, 2个月以前发布,990000.0,12957,VR房源 房本满五年 随时看房 
地铁物业，毛坯南向靓楼层，证过二,大城云山,太平镇,2室2厅 ,81.07, 西南 , 毛坯 ,9,2016, 塔楼,68, 8个月以前发布,990000.0,12212,近地铁 VR看装修 房本满两年 随时看房 
珠光流溪御景，小户型，二房一厅，带装修,珠光流溪御景,赤草,2室1厅 ,60.0, 南 , 简装 ,6,2009, 塔楼,104, 一年前发布,650000.0,10834,VR房源 房本满五年 随时看房 
华标荔苑 大两房装修新净 距离地铁口300米,华标荔苑,太平镇,2室2厅 ,85.06, 南 北 , 简装 ,6,2013, 塔楼,70, 8个月以前发布,1150000.0,13520,近地铁 VR看装修 房本满两年 随时看房 
户型通透，景色优美。中高楼层，空气新鲜。,大城云山,太平镇,3室1厅 ,111.0, 南 , 毛坯 ,17,2016, 塔楼,14, 2个月以前发布,1388000.0,12505,近地铁 VR看装修 房本满五年 
大城云山 地铁700米  南向大3房大阳台可做茶室,大城云山,太平镇,3室2厅 ,121.24, 南 , 毛坯 ,22,2016, 塔楼,62, 9个月以前发布,1260000.0,10393,近地铁 VR看装修 随时看房 
楼层好，视野开阔，南北向户型采光充足,大城云山,太平镇,2室1厅 ,59.5, 南 北 , 毛坯 ,22,2016, 塔楼,27, 2个月以前发布,820000.0,13782,近地铁 VR看装修 随时看房 
全新房屋，装修保养漂亮，格局方正！,珠江壹城,神岗镇,3室2厅 ,101.97, 东北 , 精装 ,27,2017, 板塔结合,38, 2个月以前发布,1348000.0,13220,近地铁 VR看装修 随时看房 
流溪御景 一线河景房 正南向毛坯房 130方168万,珠光流溪御景,赤草,3室2厅 ,130.2, 南 北 , 其他 ,12,2015, 塔楼,0,4,1680000.0,12904,VR看装修 房本满两年 随时看房 
东方夏湾拿 5室1厅 西北,东方夏湾拿,太平镇,5室1厅 ,212.93, 西北 , 其他 ,3, 板塔结合 , 独栋别墅 ,1,18,3980000.0,18692,VR房源 房本满五年 随时看房 
联排边位别墅，户型方正，采光充足。格局通透,逸泉山庄,赤草,5室2厅 ,210.39, 东南 , 毛坯 ,3, 暂无数据 , 独栋别墅 ,2, 2个月以前发布,4400000.0,20914,VR房源 房本满五年 随时看房 
上城湾畔东区 3室1厅 北,上城湾畔东区,江浦街,3室1厅 ,115.36, 北 , 其他 ,15,2009, 塔楼,3,17,2150000.0,18638,近地铁 VR看装修 房本满五年 
联排边位别墅 花园大 户型方正 采光好 通风好,逸泉山庄,赤草,4室2厅 ,180.19, 东北 , 简装 ,3, 暂无数据 , 联排别墅 ,0,29,4200000.0,23309,VR房源 房本满五年 
星汇峰 2室1厅 东南,星汇峰,太平镇,2室1厅 ,47.83, 东南 , 其他 ,6,2010, 塔楼,2,5,720000.0,15054,VR看装修 房本满五年 
一线江景，大 气户型，环境优美。,星河绿洲,江浦街,3室2厅 ,148.93, 北 , 毛坯 ,13,2009, 塔楼,6, 一年前发布,2150000.0,14437,VR看装修 房本满五年 
紫泉翠荔嘉园 复式5房 近地.铁  随时可看,紫泉翠荔嘉园,太平镇,5室2厅 ,105.07, 南 东北 , 精装 ,6,2004, 板楼,49, 一年前发布,1250000.0,11897,VR房源 房本满五年 
雅居乐小院流溪 14号线地铁口  精装装修,雅居乐小院流溪,赤草,4室2厅 ,167.47, 南 北 , 精装 ,4,2014, 塔楼,9, 一年前发布,3200000.0,19108,VR看装修 房本满两年 
紫泉翠荔嘉园  电梯大四房  楼层好,紫泉翠荔嘉园,太平镇,4室2厅 ,138.05, 北 , 简装 ,18,2009, 塔楼,2, 一年前发布,1990000.0,14416,VR看装修 房本满五年 
紫泉翠荔嘉园  带花园  大三房,紫泉翠荔嘉园,太平镇,3室2厅 ,150.84, 南 北 , 精装 ,6,2004, 板楼,3, 一年前发布,2800000.0,18563,VR看装修 房本满五年 
巴厘天地 刚需三房户型 业主诚意出售,人盛巴厘天地,神岗镇,3室1厅 ,119.87, 南 北 , 精装 ,17,2013, 塔楼,11, 一年前发布,1500000.0,12514,VR看装修 房本满五年 
毛坯房，环境好，安静小区，大5房笋盘出售,雅居乐小院流溪,赤草,5室2厅 ,212.5, 东南 , 毛坯 ,2,2014, 塔楼,27, 一年前发布,3080000.0,14495,VR房源 房本满两年 
依山傍水，风景秀丽，实用户型。,珠光流溪御景,赤草,4室2厅 ,167.45, 南 , 毛坯 ,11,2013, 塔楼,4, 一年前发布,1950000.0,11646,VR看装修 房本满两年 
地铁14号线 怡景楼  正三房简装  随时看房,从化怡景楼,太平镇,3室2厅 ,111.96, 南 , 简装 ,8,2010, 塔楼,2, 一年前发布,1100000.0,9825,VR房源 房本满五年 随时看房 
大城云山 两房两厅 户型舒适实用,大城云山,太平镇,2室2厅 ,90.88, 西南 , 毛坯 ,17,2016, 塔楼,3, 一年前发布,1380000.0,15185,近地铁 VR看装修 房本满两年 随时看房 
地铁14号线电梯小区房业主急出售,人盛巴厘天地,神岗镇,3室1厅 ,117.0, 南 , 毛坯 ,17,2012, 塔楼,0, 一年前发布,1398000.0,11949,VR看装修 房本满两年 随时看房 
紫泉翠荔嘉园 适合三代同堂  标准格局 老小区配套成熟,紫泉翠荔嘉园,太平镇,4室2厅 ,137.99, 西南 , 毛坯 ,18,2009, 塔楼,2, 一年前发布,1700000.0,12320,VR看装修 房本满五年 随时看房 
珠光山水御苑 3室2厅 南,珠光山水御苑,江浦街,3室2厅 ,103.07, 南 , 简装 ,32,2014, 塔楼,1, 2个月以前发布,1250000.0,12128,VR看装修 房本满两年 随时看房 
名城御景绿洲大三房，南向望花园,名城御景绿洲,江浦街,3室1厅 ,140.35, 南 , 其他 ,27,2011, 塔楼,3, 3个月以前发布,1900000.0,13538,近地铁 VR房源 房本满两年 随时看房 
地铁口房，四房两厅，南北对流，业主自住装修,逸泉山庄,赤草,4室2厅 ,151.68, 北 , 精装 ,15,2013, 塔楼,39, 一年前发布,1850000.0,12197,近地铁 VR看装修 房本满五年 随时看房 
大城云山 西南向望小区绿化  过二,大城云山,太平镇,2室2厅 ,89.34, 西南 , 毛坯 ,17,2016, 塔楼,1, 一年前发布,1300000.0,14552,近地铁 VR看装修 房本满两年 随时看房 
中高楼层、采光良好、户型方正青春笋盘出售,御景宏雅花园,江浦街,3室2厅 ,100.0, 东南 , 毛坯 ,22,2014, 塔楼,12, 一年前发布,1350000.0,13500,VR房源 房本满两年 随时看房 
地铁物业 大城云山电梯精装两房 格局方正 南北对流,大城云山,太平镇,2室2厅 ,90.88, 南 , 精装 ,17,2016, 塔楼,57, 一年前发布,1180000.0,12985,近地铁 VR看装修 房本满五年 随时看房 
地铁口 出小区门口105国道，交通便利，视野宽阔,大城云山,太平镇,2室2厅 ,92.63, 东南 , 精装 ,17,2016, 塔楼,10, 6个月以前发布,1280000.0,13819,近地铁 VR看装修 房本满五年 随时看房 
地铁口，环境好，交通便利，宜居宜商,大城云山,太平镇,2室2厅 ,81.96, 南 , 毛坯 ,9,2016, 塔楼,3, 一年前发布,1200000.0,14642,近地铁 VR看装修 房本满五年 随时看房 
"业主诚心出售本房,欢迎各位客户随时看房。",人盛巴厘天地,神岗镇,3室2厅 ,112.41, 南 , 毛坯 ,17,2013, 塔楼,3, 一年前发布,1200000.0,10676,VR看装修 房本满五年 随时看房 
背靠流溪河，环山抱水，凤光旖旎，自然环境优美,人盛巴厘天地,神岗镇,2室2厅 ,84.57, 南 北 , 其他 ,17,2012, 塔楼,1,31,1180000.0,13953,VR看装修 房本满五年 随时看房 
雅居乐开发管理 流溪河边 近地铁口 高绿化,雅居乐小院流溪,赤草,3室2厅 ,130.0, 南 北 , 其他 ,17,2013, 塔楼,1,31,1480000.0,11385,VR看装修 房本满两年 随时看房 
富力泉天下宽阔大四房，视线开阔，楼层好环境好空气好,富力泉天下,温泉镇,4室2厅 ,148.03, 东南 , 其他 ,18,2014, 塔楼,1, 8个月以前发布,1950000.0,13174,VR看装修 房本满两年 随时看房 
富力泉天下 4室2厅 南,富力泉天下,温泉镇,4室2厅 ,146.0, 南 , 其他 ,18,2014, 塔楼,1, 6个月以前发布,1650000.0,11302,VR看装修 房本满两年 随时看房 
户型方正，小区环境优美，视野宽阔，空气清新,雅居乐小院流溪,赤草,3室2厅 ,140.36, 东南 , 毛坯 ,17,2013, 塔楼,0, 5个月以前发布,1600000.0,11400,VR看装修 房本满两年 随时看房 
此房满两年，税费低，配套完善，交通方便,紫泉翠荔嘉园,太平镇,4室1厅 ,124.62, 南 , 毛坯 ,6,2008, 板楼,10, 10个月以前发布,1390000.0,11154,VR看装修 房本满五年 随时看房 
方圆明月山溪 3室2厅 南,方圆明月山溪,温泉镇,3室2厅 ,159.99, 南 , 其他 ,16,2011, 塔楼,9, 9个月以前发布,1800000.0,11251,VR看装修 房本满五年 随时看房 
紫泉翠荔嘉园 适用于大家庭 复式房,紫泉翠荔嘉园,太平镇,7室1厅 ,151.0, 东南 , 其他 ,6,2006, 板楼,14, 9个月以前发布,1650000.0,10928,VR房源 房本满五年 随时看房 
南北对流，大户型格局方正彩光好电梯复式,大城云山,太平镇,3室2厅 ,152.18, 南 , 毛坯 ,17,2016, 塔楼,6, 6个月以前发布,2130000.0,13997,近地铁 VR房源 房本满两年 随时看房 
"通透格局，视野宽阔,采光充足.配套设施齐全 交通便利",方圆明月山溪,温泉镇,4室2厅 ,202.0, 南 北 , 其他 ,9,2011, 塔楼,11, 一年前发布,2000000.0,9901,VR看装修 房本满五年 随时看房 
巴厘天地，大三房，绿化较高，适合人群。,人盛巴厘天地,神岗镇,3室2厅 ,118.21, 东南 , 其他 ,17,2012, 塔楼,4, 2个月以前发布,1210000.0,10237,VR看装修 房本满五年 随时看房 
南北对流，高楼层，视野宽阔无遮挡，采光充足,紫泉翠荔嘉园,太平镇,4室1厅 ,117.4, 西南 , 其他 ,6,2004, 板楼,7, 9个月以前发布,1450000.0,12351,VR看装修 房本满两年 随时看房 
独栋大花园，户型方正，环境清静大五房.,逸泉山庄,赤草,5室2厅 ,343.55, 南 , 毛坯 ,2, 暂无数据 , 独栋别墅 ,11, 一年前发布,6190000.0,18018,VR房源 房本满五年 
花林湖畔精装3房，户型方正，带入户花园,利泰花林湖畔,鳌头镇,3室2厅 ,101.71, 南 北 , 精装 ,11,2012, 塔楼,5, 一年前发布,1050000.0,10324,VR看装修 房本满五年 
房子全新装修，配套成熟，厅出阳台，树林视野,人盛巴厘天地,神岗镇,3室2厅 ,108.99, 东南 , 简装 ,17,2012, 塔楼,3, 一年前发布,1410000.0,12937,VR看装修 房本满五年 
广州后花园，东方夏湾拿独栋别墅大花园,东方夏湾拿,太平镇,5室2厅 ,321.94, 东南 , 毛坯 ,2, 暂无数据 , 独栋别墅 ,10, 2个月以前发布,6000000.0,18638,VR房源 房本满五年 
地铁物业 中高楼层 楼距宽 采光好,雅居乐小院流溪,赤草,3室1厅 ,140.75, 南 , 毛坯 ,17,2013, 塔楼,2, 1个月以前发布,1680000.0,11937,VR看装修 房本满五年 随时看房 
业 主 置 换 物 业 、诚 心 放  盘 。,君源御湖城,江浦街,3室2厅 ,104.72, 东南 , 精装 ,16,2011, 塔楼,1, 8个月以前发布,1250000.0,11937,VR看装修 房本满五年 随时看房 
采光十足 环境优雅 空气清新。,君源御湖城,江浦街,2室2厅 ,80.62, 南 北 , 简装 ,16,2000, 塔楼,12, 一年前发布,950000.0,11784,VR看装修 房本满两年 随时看房 
人盛巴厘天地 毛坯三房 格局通透 配套齐全,人盛巴厘天地,神岗镇,3室2厅 ,123.52, 南 北 , 毛坯 ,17,2012, 塔楼,0, 一年前发布,1300000.0,10525,VR看装修 房本满两年 随时看房 
巴厘天地中高层望花园 通风对流 精装修,人盛巴厘天地,神岗镇,3室2厅 ,126.17, 南 北 , 精装 ,17,2019, 塔楼,4, 一年前发布,2000000.0,15852,VR看装修 房本满五年 随时看房 
小区交通便利，环境舒适，配套完善,人盛巴厘天地,神岗镇,3室2厅 ,103.0, 南 , 精装 ,10,2013, 塔楼,14, 6个月以前发布,1300000.0,12622,VR看装修 房本满五年 随时看房 
御湖城 东南向 望别墅群 视野开阔,君源御湖城,江浦街,3室2厅 ,104.19, 东南 , 毛坯 ,16,2011, 塔楼,0, 8个月以前发布,1200000.0,11518,VR看装修 房本满五年 随时看房 
业主诚心出售，房子格局好，无改动,人盛巴厘天地,神岗镇,3室2厅 ,112.41, 南 , 毛坯 ,17,2013, 塔楼,2, 一年前发布,1250000.0,11121,VR看装修 房本满五年 随时看房 
电梯洋房，南北对流，满五不唯一，地铁1200米,大城云山,太平镇,3室1厅 ,125.04, 东北 , 毛坯 ,17,2016, 塔楼,0, 2个月以前发布,1680000.0,13436,近地铁 VR看装修 房本满两年 随时看房 
大城云山  复式五房  户型方正  采光充足 视野广阔,大城云山,太平镇,5室2厅 ,191.55, 南 北 , 毛坯 ,17,2016, 塔楼,15, 一年前发布,3200000.0,16706,近地铁 VR房源 房本满五年 随时看房 
实用四房，长阳台，采光好，改善型居住环境,荔山雅筑,赤草,4室2厅 ,136.15, 南 , 毛坯 ,6,2011, 塔楼,9, 一年前发布,1600000.0,11752,近地铁 VR看装修 房本满五年 随时看房 
地铁口双拼别・墅 大花园 带车库  中空大客厅,逸泉山庄,赤草,5室2厅 ,279.85, 东 西 , 毛坯 ,3,2005, 暂无数据,5, 1个月以前发布,4000000.0,14294,VR房源 房本满五年 随时看房 
托斯卡纳电梯洋房，3房2厅2卫，诚心出售,托斯卡纳(从化区),新城片区,3室2厅 ,135.62, 东南 , 毛坯 ,9,2000, 板楼,15, 一年前发布,1750000.0,12904,VR房源 房本满两年 随时看房 
联排中间位别墅，6米层高挑空大客厅。,东方夏湾拿,太平镇,4室2厅 ,144.29, 东南 , 简装 ,3, 板塔结合 , 联排别墅 ,18, 1个月以前发布,2480000.0,17188,VR房源 房本满五年 随时看房 
地铁楼盘！三层别墅.前后花园！诚意出售！,逸泉山庄,赤草,4室2厅 ,248.18, 东南 , 毛坯 ,3,2010, 暂无数据,34, 一年前发布,3800000.0,15312,VR房源 房本满五年 随时看房 
全新房屋，装修保养漂亮，格局方正！,珠江壹城,神岗镇,5室2厅 ,354.27, 东南 , 精装 ,2, 板塔结合 , 独栋别墅 ,0, 1个月以前发布,4700000.0,13267,VR房源 房本满五年 随时看房 
流溪河山庄高层复式，带天台自用。,流溪河山庄,赤草,4室3厅 ,176.77, 南 , 毛坯 ,6,2008, 板楼,36, 一年前发布,1550000.0,8769,VR房源 房本满两年 随时看房 
星河绿洲 南向一线江景 环境优美 大入户花园,星河绿洲,江浦街,4室2厅 ,152.77, 南 北 , 毛坯 ,8,2009, 板楼,1, 6个月以前发布,1900000.0,12437,VR看装修 房本满五年 随时看房 
三房两厅，中高楼层格局通透，视野开阔，采光充足,逸泉山庄,赤草,3室2厅 ,111.34, 南 , 毛坯 ,15,2011, 塔楼,9, 一年前发布,1650000.0,14820,近地铁 VR看装修 房本满五年 随时看房 
双证房源，动静分离，户型方正，有三个阳台,逸泉山庄,赤草,4室2厅 ,156.0, 北 南 , 毛坯 ,15,2008, 塔楼,2, 1个月以前发布,1620000.0,10385,近地铁 VR看装修 房本满两年 随时看房 
利泰花林湖畔 3室2厅 南 北,利泰花林湖畔,鳌头镇,3室2厅 ,108.0, 南 北 , 其他 ,11,2012, 塔楼,0,6,880000.0,8149,VR看装修 房本满五年 
太平东路 3室2厅 东南,太平东路,太平镇,3室2厅 ,106.87, 东南 , 精装 ,6,2010, 塔楼,0,11,1180000.0,11042,VR看装修 房本满五年 
带 精装修拎包入住，厅出阳台，南北通透，一线江景,宏诚海岸花园,河滨北路,3室2厅 ,142.07, 南 北 , 精装 ,31,2008, 塔楼,4, 一年前发布,3500000.0,24636,VR房源 房本满五年 
东方夏湾拿单边别墅区，保养较新，花园大，居住养老好,东方夏湾拿,太平镇,5室3厅 ,266.94, 东 南 北 , 精装 ,3, 板塔结合 , 联排别墅 ,6, 4个月以前发布,4300000.0,16109,VR房源 房本满五年 
名城御景绿洲 南北对流 大三房,名城御景绿洲,江浦街,3室1厅 ,124.62, 东南 , 毛坯 ,23,2011, 塔楼,6, 一年前发布,1750000.0,14043,近地铁 VR看装修 房本满五年 
此房实用面积多，采光好，配套齐全，近市场..,玫瑰@,新城片区,3室2厅 ,132.72, 南 北 , 精装 ,9,2008, 板楼,2, 一年前发布,2100000.0,15823,VR看装修 房本满两年 
格局方正视野开阔 景观极好，优越生活乐章,方圆明月山溪,温泉镇,3室2厅 ,160.35, 南 , 精装 ,16,2011, 塔楼,3, 一年前发布,1880000.0,11725,VR看装修 房本满五年 
成熟配套 此房满五唯一红本在手 方形方正 采光好,紫泉翠荔嘉园,太平镇,3室2厅 ,105.0, 南 , 简装 ,6,2004, 板楼,8, 一年前发布,1470000.0,14000,VR房源 房本满五年 
满五唯一，税费低，交通便利，生活配套齐全，拎包入住,紫泉翠荔嘉园,太平镇,4室2厅 ,130.0, 南 , 简装 ,6,2004, 塔楼,3, 一年前发布,1900000.0,14616,VR看装修 房本满五年 
流溪河畔 一线江景 双大阳台  超高楼层  复式洋房,雅居乐滨江花园,江浦街,5室3厅 ,186.56, 南 , 精装 ,18,2010, 暂无数据,43, 4个月以前发布,4350000.0,23317,近地铁 VR房源 房本满两年 
广州后花园，东方夏湾拿带装修别墅,东方夏湾拿,太平镇,4室2厅 ,144.07, 东南 , 简装 ,3, 板塔结合 , 独栋别墅 ,15, 3个月以前发布,2650000.0,18394,VR房源 房本满两年 
独栋大花园，户型方正，环境清静大五房.,逸泉山庄,赤草,5室2厅 ,343.55, 南 , 毛坯 ,2, 暂无数据 , 独栋别墅 ,11, 一年前发布,6190000.0,18018,VR房源 房本满五年 
地铁口物业、精装单边位大花园别墅,逸泉山庄,赤草,5室2厅 ,223.0, 西南 , 简装 ,3, 暂无数据 , 独栋别墅 ,14, 5个月以前发布,4600000.0,20628,近地铁 VR房源 房本满五年 
花林湖畔 中楼层 北向 三房两厅 采光很好,利泰花林湖畔,鳌头镇,3室2厅 ,101.22, 北 , 毛坯 ,11,2012, 塔楼,0, 一年前发布,900000.0,8892,VR看装修 房本满五年 
逸泉山庄 地铁口物业 连排边位 大花园 精装修,逸泉山庄,赤草,6室2厅 ,280.51, 西南 , 精装 ,3, 暂无数据 , 独栋别墅 ,0, 6个月以前发布,5500000.0,19608,近地铁 VR房源 房本满两年 
花林湖畔精装3房，户型方正，带入户花园,利泰花林湖畔,鳌头镇,3室2厅 ,101.71, 南 北 , 精装 ,11,2012, 塔楼,5, 一年前发布,1050000.0,10324,VR看装修 房本满五年 
东方夏湾拿 6室4厅 东南,东方夏湾拿,太平镇,6室4厅 ,276.61, 东南 , 精装 ,3, 板塔结合 , 独栋别墅 ,2, 3个月以前发布,4500000.0,16269,VR房源 房本满两年 
从化怡景楼  实用两房  视野开阔 钥匙在手,从化怡景楼,太平镇,2室1厅 ,75.86, 东南 , 毛坯 ,8,2008, 塔楼,4, 2个月以前发布,770000.0,10151,VR看装修 房本满五年 随时看房 
房子一线江景，南北对流，格局实用方正，价格实惠。。,逸泉映翠,江浦街,3室2厅 ,97.09, 南 北 , 毛坯 ,24,2014, 塔楼,6, 9个月以前发布,1030000.0,10609,VR看装修 房本满两年 随时看房 
大城云山 地铁口物业 毛坯三房 朝南 满五年,大城云山,太平镇,3室2厅 ,111.73, 东南 , 毛坯 ,17,2016, 塔楼,10, 6个月以前发布,1450000.0,12978,近地铁 VR看装修 房本满五年 随时看房 
配套完善， 交通便利 ，户型方正实用， 楼距间宽,爱尚流溪,江浦街,4室2厅 ,127.49, 南 , 其他 ,24,2015, 塔楼,7, 8个月以前发布,1230000.0,9648,VR看装修 房本满两年 随时看房 
上城湾畔   中间楼层     阳光充足  业主诚意出售,上城湾畔B区,江浦街,3室2厅 ,119.98, 西北 , 简装 ,10,2009, 塔楼,22, 一年前发布,2050000.0,17087,近地铁 VR看装修 房本满五年 随时看房 
性从比较高的一套房子，拎包就可入住。,方圆明月山溪,温泉镇,2室2厅 ,84.48, 南 北 , 精装 ,18,2014, 塔楼,21, 一年前发布,1000000.0,11838,VR看装修 房本满两年 随时看房 
紫泉翠荔嘉园 3室1厅 西南,紫泉翠荔嘉园,太平镇,3室1厅 ,90.99, 西南 , 简装 ,18,2009, 塔楼,0, 6个月以前发布,1280000.0,14068,VR看装修 房本满两年 随时看房 
景观漂亮   南北对流       户型方正格局好用,方圆明月山溪,温泉镇,3室2厅 ,160.35, 南 , 精装 ,16,2011, 塔楼,0, 2个月以前发布,1600000.0,9979,VR看装修 房本满两年 随时看房 
此房南北对流，大阳台，空气清新，南向视野开阔,逸泉映翠,江浦街,3室2厅 ,111.53, 南 , 毛坯 ,24,2014, 塔楼,1, 2个月以前发布,1200000.0,10760,VR看装修 房本满两年 随时看房 
地铁口 华标荔苑 交通便利 商圈成熟,华标荔苑,太平镇,3室2厅 ,128.21, 东 , 毛坯 ,12,2015, 塔楼,0, 9个月以前发布,1750000.0,13650,近地铁 VR看装修 房本满两年 随时看房 
绿化好，小区新净，人文环境好。,珠光御景山水城,江浦街,3室2厅 ,100.68, 南 , 毛坯 ,24,2012, 塔楼,1, 1个月以前发布,1280000.0,12714,VR看装修 房本满两年 随时看房 
雅居乐小院流溪中高层一线江景洋房,雅居乐小院流溪,赤草,3室2厅 ,116.44, 北 , 毛坯 ,16,2015, 塔楼,24, 一年前发布,1400000.0,12024,VR看装修 房本满两年 随时看房 
"单价低,不临街,随时腾房148万",雅居乐小院流溪,赤草,3室2厅 ,130.01, 北 , 毛坯 ,17,2013, 塔楼,5, 7个月以前发布,1465000.0,11269,VR看装修 房本满五年 随时看房 
大城云山地铁口物业 毛坯自由装修 电梯洋房 精致花园,大城云山,太平镇,3室2厅 ,125.04, 东北 , 毛坯 ,17,2016, 塔楼,10, 一年前发布,1520000.0,12157,近地铁 VR看装修 房本满两年 随时看房 
大城云山 二房 户型实用  采光充足,大城云山,太平镇,2室1厅 ,94.7, 南 , 毛坯 ,10,2016, 塔楼,4, 一年前发布,1200000.0,12672,近地铁 VR看装修 房本满两年 随时看房 
满5唯一，视野开阔，配套设施齐全，交通便利,上城湾畔B区,江浦街,4室2厅 ,149.25, 南 , 毛坯 ,17,2009, 塔楼,3, 6个月以前发布,2800000.0,18761,VR看装修 房本满五年 随时看房 
大城云山 地铁700米 南向大3房复式,大城云山,太平镇,4室2厅 ,114.25, 东南 , 毛坯 ,11,2016, 塔楼,4, 7个月以前发布,1680000.0,14705,近地铁 VR看装修 房本满五年 随时看房 
中高楼层、采光良好、户型方正青春笋盘出售,御景宏雅花园,江浦街,3室2厅 ,100.0, 东南 , 毛坯 ,22,2014, 塔楼,12, 一年前发布,1350000.0,13500,VR房源 房本满两年 随时看房 
地铁口 出小区门口105国道，交通便利，视野宽阔,大城云山,太平镇,2室2厅 ,92.63, 东南 , 精装 ,17,2016, 塔楼,10, 6个月以前发布,1280000.0,13819,近地铁 VR看装修 房本满五年 随时看房 
地铁口，环境好，交通便利，宜居宜商,大城云山,太平镇,2室2厅 ,81.96, 南 , 毛坯 ,9,2016, 塔楼,3, 一年前发布,1200000.0,14642,近地铁 VR看装修 房本满五年 随时看房 
巴厘天地三房，户型方正，采光好，居住舒适,人盛巴厘天地,神岗镇,3室2厅 ,104.93, 东南 , 毛坯 ,17,2011, 塔楼,1, 7个月以前发布,1150000.0,10960,VR看装修 房本满五年 随时看房 
巴厘天地三房，户型方正，采光好，居住舒适,人盛巴厘天地,神岗镇,3室2厅 ,103.54, 南 , 毛坯 ,17,2012, 塔楼,0, 7个月以前发布,1500000.0,14488,VR看装修 房本满五年 随时看房 
地铁物业 大城云山电梯精装两房 格局方正 南北对流,大城云山,太平镇,2室2厅 ,90.88, 南 , 精装 ,17,2016, 塔楼,57, 一年前发布,1180000.0,12985,近地铁 VR看装修 房本满五年 随时看房 
"业主诚心出售本房,欢迎各位客户随时看房。",人盛巴厘天地,神岗镇,3室2厅 ,112.41, 南 , 毛坯 ,17,2013, 塔楼,3, 一年前发布,1200000.0,10676,VR看装修 房本满五年 随时看房 
此房产证过2年，毛坯三房 近地铁生活便利,上城湾畔B区,江浦街,3室2厅 ,116.35, 北 , 毛坯 ,10,2009, 塔楼,4, 8个月以前发布,2200000.0,18909,近地铁 VR看装修 房本满两年 随时看房 
巴厘天地 毛坯大三房 楼层靓 双阳台望河望花园,人盛巴厘天地,神岗镇,3室2厅 ,128.5, 南 北 , 毛坯 ,17,2013, 塔楼,7, 2个月以前发布,1410000.0,10973,VR看装修 房本满两年 随时看房 
大城云山成熟大盘！距离地铁太平站约800米！！！,大城云山,太平镇,3室2厅 ,113.59, 南 北 , 毛坯 ,11,2016, 塔楼,2, 4个月以前发布,1650000.0,14526,近地铁 VR看装修 房本满五年 随时看房 
急卖 急卖    从化太平捡漏房  大城云山 地铁口800米,大城云山,太平镇,2室1厅 ,80.62, 南 , 毛坯 ,11,2016, 塔楼,3, 2个月以前发布,1120000.0,13893,近地铁 VR看装修 房本满两年 随时看房 
大城云山 业主需改善居住环境，诚意出售,大城云山,太平镇,1室1厅 ,56.79, 东 西 , 毛坯 ,10,2016, 塔楼,43, 一年前发布,880000.0,15496,近地铁 VR看装修 房本满两年 随时看房 
诚心出售 环境优雅 配套齐全 交通便利 紫薇苑笋盘出售,汉中紫薇苑,江浦街,3室2厅 ,101.0, 西北 , 毛坯 ,18,2015, 暂无数据,12, 一年前发布,1590000.0,15743,近地铁 VR看装修 房本满两年 随时看房 
东南向户型，实用三房，看花园方向,云星钱隆天誉,太平镇,3室1厅 ,92.96, 东北 , 毛坯 ,25,2016, 塔楼,8, 7个月以前发布,1200000.0,12909,VR看装修 房本满两年 随时看房 
北三环高速口，通风采光充足，景观视线开阔.,太平中学教师楼,太平镇,3室2厅 ,105.69, 东 , 简装 ,8,1999, 塔楼,33, 9个月以前发布,750000.0,7097,VR房源 房本满两年 随时看房 
大城云山 房子过二 地铁物业  800米太平地铁站,大城云山,太平镇,3室2厅 ,102.68, 东北 , 毛坯 ,15,2016, 塔楼,33, 4个月以前发布,1230000.0,11979,近地铁 VR看装修 房本满两年 随时看房 
东成路五楼靓楼层，二房一厅，户型方正实用,东成路,河滨北路,2室1厅 ,77.0, 东南 , 简装 ,7,1992, 塔楼,39, 一年前发布,650000.0,8442,VR看装修 房本满五年 随时看房 
人盛巴厘天地.里面环境好.交通方便.,人盛巴厘天地,神岗镇,3室2厅 ,127.23, 南 北 , 毛坯 ,17,2013, 塔楼,25, 一年前发布,1180000.0,9275,VR看装修 房本满两年 随时看房 
急售 急售 急售 过五唯一，每个房间都是全景花园,人盛巴厘天地,神岗镇,3室2厅 ,103.54, 南 , 毛坯 ,17,2012, 塔楼,10, 2个月以前发布,1110000.0,10721,VR看装修 房本满五年 随时看房 
巴厘天地配套齐全，生活方便，环境优美。,人盛巴厘天地,神岗镇,3室2厅 ,101.56, 东南 , 精装 ,17,2012, 塔楼,2, 一年前发布,1250000.0,12308,VR看装修 房本满两年 随时看房 
交通便利，有停车位，业主急售，看上议价,星汇峰,太平镇,3室1厅 ,100.03, 南 , 毛坯 ,6,2010, 平房,9, 一年前发布,1180000.0,11797,VR看装修 房本满五年 随时看房 
大城云山 地铁口 交通便利 环境优美 视野开阔 养生,大城云山,太平镇,3室2厅 ,113.32, 南 , 毛坯 ,17,2016, 塔楼,2, 一年前发布,1470000.0,12973,近地铁 VR看装修 房本满五年 随时看房 
逸泉山庄 地铁口三房 南向 户型方正 满五唯一,逸泉山庄,赤草,3室2厅 ,110.3, 南 , 精装 ,15,2008, 塔楼,33, 一年前发布,1630000.0,14778,近地铁 VR看装修 房本满五年 随时看房 
证满五年，格局好！精装修买入即可拎包入住,侨宏花园,温泉镇,3室2厅 ,82.61, 南 , 精装 ,7,2008, 塔楼,11, 一年前发布,830000.0,10048,VR房源 房本满五年 随时看房 
从化怡景楼  实用两房  视野开阔 钥匙在手,从化怡景楼,太平镇,2室1厅 ,75.86, 东南 , 毛坯 ,8,2008, 塔楼,4, 2个月以前发布,770000.0,10151,VR看装修 房本满五年 随时看房 
比邻流溪河 环境优美 空气清新 设计时尚美观大方,雅居乐小院流溪,赤草,3室2厅 ,129.8, 东南 , 毛坯 ,17,2013, 塔楼,0, 7个月以前发布,1800000.0,13868,VR看装修 房本满五年 随时看房 
性从比较高的一套房子，拎包就可入住。,方圆明月山溪,温泉镇,2室2厅 ,84.48, 南 北 , 精装 ,18,2014, 塔楼,21, 一年前发布,1000000.0,11838,VR看装修 房本满两年 随时看房 
大城云山地铁口物业 毛坯自由装修 电梯洋房 精致花园,大城云山,太平镇,3室2厅 ,125.04, 东北 , 毛坯 ,17,2016, 塔楼,10, 一年前发布,1520000.0,12157,近地铁 VR看装修 房本满两年 随时看房 
大城云山 二房 户型实用  采光充足,大城云山,太平镇,2室1厅 ,94.7, 南 , 毛坯 ,10,2016, 塔楼,4, 一年前发布,1200000.0,12672,近地铁 VR看装修 房本满两年 随时看房 
满5唯一，视野开阔，配套设施齐全，交通便利,上城湾畔B区,江浦街,4室2厅 ,149.25, 南 , 毛坯 ,17,2009, 塔楼,3, 6个月以前发布,2800000.0,18761,VR看装修 房本满五年 随时看房 
大城云山 地铁700米 南向大3房复式,大城云山,太平镇,4室2厅 ,114.25, 东南 , 毛坯 ,11,2016, 塔楼,4, 7个月以前发布,1680000.0,14705,近地铁 VR看装修 房本满五年 随时看房 
华标荔苑地铁口小区精装2房温馨两房采光,华标荔苑,太平镇,2室2厅 ,87.54, 东南 , 精装 ,6,2000, 塔楼,34, 一年前发布,1300000.0,14851,近地铁 VR房源 房本满五年 随时看房 
荔林春晓电梯精装小三房 户型方正 采光好 红本在手,荔林春晓,太平镇,3室2厅 ,92.48, 西北 , 精装 ,18,2016, 塔楼,61, 一年前发布,1480000.0,16004,近地铁 VR看装修 房本满两年 随时看房 
大城云山 电梯洋房 近地铁 证过2年 楼层好,大城云山,太平镇,2室2厅 ,82.91, 南 , 毛坯 ,11,2016, 塔楼,30, 一年前发布,1050000.0,12665,近地铁 VR看装修 房本满五年 随时看房 
地铁口物业 电梯罕见户型 毛坯可按自己喜好装修,大城云山,太平镇,2室2厅 ,89.34, 东南 , 其他 ,17,2016, 塔楼,11, 一年前发布,1260000.0,14104,近地铁 VR看装修 房本满两年 随时看房 
巴厘天地，望流溪河，采光好，视野宽,人盛巴厘天地,神岗镇,3室2厅 ,108.99, 东南 , 毛坯 ,17,2012, 塔楼,1, 6个月以前发布,1495000.0,13717,VR看装修 房本满两年 随时看房 
人盛巴厘天地 成熟配套 小区管理 交通便捷,人盛巴厘天地,神岗镇,3室2厅 ,130.21, 东南 , 毛坯 ,17,2013, 塔楼,6, 11个月以前发布,1448000.0,11121,VR看装修 房本满两年 随时看房 
地铁14号线  华标荔苑  两房毛坯 红本在手看中即签,华标荔苑,太平镇,2室2厅 ,85.2, 东南 , 毛坯 ,6,2012, 塔楼,4, 一年前发布,1200000.0,14085,近地铁 VR看装修 房本满两年 随时看房 
碧 桂 园 物 业、业 主 诚 心 放 盘！,君源御湖城,江浦街,3室2厅 ,104.7, 南 , 毛坯 ,16,2011, 塔楼,2, 8个月以前发布,1050000.0,10029,VR看装修 房本满五年 随时看房 
巴厘天地，实用三房、双阳台设计、户型方正。,人盛巴厘天地,神岗镇,3室1厅 ,111.32, 东南 , 毛坯 ,17,2012, 塔楼,2, 3个月以前发布,1120000.0,10062,VR看装修 房本满五年 随时看房 
钱隆天誉 房产证过二  小面积户型方正,云星钱隆天誉,太平镇,2室2厅 ,69.57, 西 , 毛坯 ,25,2016, 塔楼,2, 一年前发布,979000.0,14073,VR看装修 房本满两年 随时看房 
小区交通便利，环境舒适，配套完善,人盛巴厘天地,神岗镇,2室2厅 ,84.57, 东南 , 毛坯 ,17,2012, 塔楼,1, 4个月以前发布,1000000.0,11825,VR看装修 房本满五年 随时看房 
此房南北对流，大阳台，空气清新，南向视野开阔,逸泉映翠,江浦街,3室1厅 ,94.98, 南 , 精装 ,24,2014, 塔楼,12, 4个月以前发布,1200000.0,12635,VR看装修 房本满两年 随时看房 
华标荔苑  地铁口小区  格局方正  采光充足,华标荔苑,太平镇,2室1厅 ,89.34, 东南 , 毛坯 ,6,2013, 塔楼,9, 一年前发布,1260000.0,14104,近地铁 VR看装修 房本满五年 随时看房 
少有南向二房户型放售，随时看房！,逸泉映翠,江浦街,2室1厅 ,85.23, 南 , 毛坯 ,23,2014, 塔楼,4, 4个月以前发布,1050000.0,12320,VR看装修 房本满两年 随时看房 
流溪河畔   中高楼层  环境舒服,宏诚海峰花园,江浦街,2室2厅 ,79.04, 东南 , 毛坯 ,15,2015, 塔楼,5, 7个月以前发布,1090000.0,13791,VR房源 房本满两年 随时看房 
大4房2厅联排户型， 南北对流。,东方夏湾拿,太平镇,4室2厅 ,208.0, 南 , 毛坯 ,2,2009, 板塔结合,5, 一年前发布,3000000.0,14424,VR房源 房本满两年 随时看房 
高层实用2房，格局方正，采光好，近地铁，视野好,华标荔苑,太平镇,2室2厅 ,91.63, 东南 , 毛坯 ,12,2013, 塔楼,3, 一年前发布,1350000.0,14734,近地铁 VR看装修 房本满五年 随时看房 
山水御苑 中层南向三房 格局实用 景观靓,珠光山水御苑,江浦街,3室2厅 ,102.0, 东南 , 毛坯 ,30,2016, 塔楼,4, 7个月以前发布,1030000.0,10099,VR看装修 房本满两年 随时看房 
富力泉天下 负离子空气清新 优质森林 望山景 视野开阔,富力泉天下,温泉镇,2室1厅 ,83.39, 北 , 精装 ,18,2014, 塔楼,26, 一年前发布,800000.0,9594,VR看装修 房本满两年 随时看房 
地铁口别・墅 三面采光 大花园 带车库,逸泉山庄,赤草,5室2厅 ,205.0, 南 , 毛坯 ,3,2008, 暂无数据,1, 1个月以前发布,4180000.0,20391,VR房源 房本满五年 随时看房 
紫泉翠荔嘉园楼梯复式 可造空间大 中间位,紫泉翠荔嘉园,太平镇,3室1厅 ,88.98, 东南 , 毛坯 ,6,2007, 塔楼,10, 10个月以前发布,1090000.0,12250,VR看装修 房本满两年 随时看房 
格局方正  景观好  南北对流,方圆明月山溪,温泉镇,2室2厅 ,84.48, 东南 南 , 精装 ,18,2014, 塔楼,18, 4个月以前发布,845000.0,10000,VR看装修 房本满五年 随时看房 
太平站  回归路小区两房 毛坯采光好  总价低,回归路小区,太平镇,2室2厅 ,85.96, 东 , 毛坯 ,8,1992, 暂无数据,14, 一年前发布,990000.0,11517,VR看装修 房本满五年 随时看房 
巴厘天地 格局方正 南北对流 离地铁口1.5公路随时可看,人盛巴厘天地,神岗镇,2室1厅 ,83.9, 南 , 毛坯 ,10,2019, 塔楼,3, 一年前发布,968000.0,11538,VR看装修 房本满五年 随时看房 
大城云山 电梯洋房 地铁口物业两房,大城云山,太平镇,2室1厅 ,61.4, 东北 , 简装 ,9,2016, 塔楼,40, 一年前发布,960000.0,15636,近地铁 VR看装修 房本满两年 随时看房 
华标荔苑双阳台户型，南北通透，采光优越,华标荔苑,太平镇,2室2厅 ,85.2, 南 北 , 毛坯 ,6,2013, 塔楼,37, 一年前发布,1080000.0,12677,近地铁 VR看装修 房本满五年 随时看房 
巴厘天地实用三房设计入户大花园,人盛巴厘天地,神岗镇,3室1厅 ,103.54, 东南 , 毛坯 ,17,2012, 塔楼,17, 9个月以前发布,1020000.0,9852,VR房源 房本满两年 随时看房 
回归路小区  单价低  户型好 税费低,回归路小区,太平镇,2室1厅 ,94.32, 南 , 简装 ,8,1998, 塔楼,10, 2个月以前发布,680000.0,7210,VR看装修 房本满五年 随时看房 
高层实用2房，格局方正，采光好，近地铁，视野好,华标荔苑,太平镇,2室2厅 ,91.63, 东南 , 毛坯 ,12,2013, 塔楼,3, 一年前发布,1350000.0,14734,近地铁 VR看装修 房本满五年 随时看房 
大4房2厅联排户型， 南北对流。,东方夏湾拿,太平镇,4室2厅 ,208.0, 南 , 毛坯 ,2,2009, 板塔结合,5, 一年前发布,3000000.0,14424,VR房源 房本满两年 随时看房 
巴厘天地 温馨两房双阳台 南北对流 生活便利一线望江,人盛巴厘天地,神岗镇,2室1厅 ,84.91, 南 , 简装 ,17,2012, 塔楼,19, 一年前发布,1080000.0,12720,VR看装修 房本满五年 随时看房 
业主急售，户型方正 采光充足 格局通透 保养新,广东动漫城,神岗镇,3室1厅 ,54.0, 西 , 精装 ,11,2013, 塔楼,3, 2个月以前发布,598000.0,11075,房本满五年 随时看房 
配套完善， 交通便利 ，户型方正实用， 楼距间宽,爱尚流溪,江浦街,3室2厅 ,94.18, 西南 , 毛坯 ,23,2016, 塔楼,10, 8个月以前发布,1000000.0,10618,VR看装修 房本满两年 随时看房 
逸泉映翠 3室2厅 南 北,逸泉映翠,江浦街,3室2厅 ,96.69, 南 北 , 其他 ,24,2014, 塔楼,1,18,1205000.0,12463,VR看装修 房本满两年 
联排中间位别墅  户型方正 采光好 通风好 简装修,逸泉山庄,赤草,4室2厅 ,177.98, 东北 , 简装 ,3, 暂无数据 , 联排别墅 ,1,29,3800000.0,21351,VR房源 房本满五年 
此房满两年 ，南北对流，视野开阔，生活配套齐全,紫泉翠荔嘉园,太平镇,5室1厅 ,105.33, 东南 , 简装 ,6,2008, 板楼,1, 3个月以前发布,1600000.0,15191,VR房源 房本满五年 
珠江壹城别墅空间大花园大...,珠江壹城,神岗镇,6室3厅 ,354.31, 东南 , 其他 ,2, 板塔结合 , 独栋别墅 ,3, 9个月以前发布,4900000.0,13830,VR房源 房本满两年 
利泰花林湖畔3房满唯 南北对流,利泰花林湖畔,鳌头镇,3室1厅 ,98.44, 南 北 , 其他 ,9,2012, 塔楼,1, 1个月以前发布,1040000.0,10565,VR看装修 房本满五年 
洋房中间楼层，视野开阔，采光好，户型方正,雅居乐小院流溪,赤草,4室2厅 ,140.0, 南 , 精装 ,17,2013, 塔楼,1, 3个月以前发布,1950000.0,13929,VR看装修 房本满两年 
富力泉天下大独栋别墅，流溪河边，景观优美,富力泉天下,温泉镇,5室1厅 ,406.6, 南 , 其他 ,3, 塔楼 , 双拼别墅 ,4, 8个月以前发布,4580000.0,11265,VR房源 房本满五年 
雅居乐小院流溪诚心出售， 279.08m05 450 万,雅居乐小院流溪,赤草,5室2厅 ,279.08, 东南 , 其他 ,3, 塔楼 , 联排别墅 ,19, 10个月以前发布,3200000.0,11467,VR房源 房本满两年 
上城湾畔B区 4室1厅 南,上城湾畔B区,江浦街,4室1厅 ,158.28, 南 , 其他 ,17,2009, 塔楼,0, 1个月以前发布,3200000.0,20218,近地铁 VR房源 房本满五年 
珠江壹城 大型成熟小区 交通便捷,珠江壹城,神岗镇,6室2厅 ,324.77, 南 北 , 其他 ,2, 板塔结合 , 独栋别墅 ,27, 5个月以前发布,4130000.0,12717,VR房源 房本满两年 
月湾 3室2厅 东南,月湾,新城片区,3室2厅 ,161.72, 东南 , 其他 ,22,2005, 塔楼,2, 一年前发布,2600000.0,16078,VR看装修 房本满五年 
富力泉天下大独栋别墅，流溪河边，景观优美,富力泉天下,温泉镇,5室1厅 ,406.6, 南 , 其他 ,3, 塔楼 , 双拼别墅 ,4, 8个月以前发布,4580000.0,11265,VR房源 房本满五年 
此房满五非唯一住房 双拼大别墅，环境舒适  交通便利,逸泉山庄,赤草,5室2厅 ,279.85, 南 北 , 毛坯 ,3, 暂无数据 , 独栋别墅 ,0, 1个月以前发布,4300000.0,15366,VR房源 房本满五年 
双拼别墅，户型方正，采光好，大花园,雅居乐小院流溪,赤草,6室2厅 ,752.96, 西南 , 毛坯 ,3, 塔楼 , 双拼别墅 ,0,30,15000000.0,19922,VR房源 房本满两年 
神岗巴厘天地3房 户型方正 业主诚心出售 价格可谈,人盛巴厘天地,神岗镇,3室2厅 ,101.0, 南 , 其他 ,17,2012, 塔楼,0, 一年前发布,1430000.0,14159,VR看装修 房本满五年 随时看房 
巴厘天地3房2厅精装修，中高层，视野开阔，格局方正,人盛巴厘天地,神岗镇,3室2厅 ,99.11, 西北 , 其他 ,17,2013, 塔楼,4, 一年前发布,1360000.0,13723,VR看装修 房本满两年 随时看房 
富力泉天下大三房，景观无遮挡，适宜养生,富力泉天下,温泉镇,3室2厅 ,126.68, 南 , 其他 ,23,2014, 塔楼,4, 6个月以前发布,1500000.0,11841,VR看装修 房本满两年 随时看房 
地铁口700米大城云山大三房精装修业主诚意出售,大城云山,太平镇,3室2厅 ,114.25, 南 , 其他 ,11,2016, 塔楼,12, 9个月以前发布,1700000.0,14880,近地铁 VR看装修 房本满五年 随时看房 
人盛巴厘天地 大三房 方正实用,人盛巴厘天地,神岗镇,3室1厅 ,101.56, 西北 , 其他 ,17,2013, 塔楼,0, 6个月以前发布,1160000.0,11422,VR看装修 房本满五年 随时看房 
环境优美空气清新，格局方正，南北对流通风好。,人盛巴厘天地,神岗镇,3室2厅 ,124.91, 东南 , 其他 ,17,2013, 塔楼,0, 一年前发布,1495000.0,11969,VR看装修 房本满五年 随时看房 
山水御苑  高层 南向 实用3房,珠光山水御苑,江浦街,3室2厅 ,103.0, 东北 , 其他 ,32,2014, 塔楼,0, 3个月以前发布,1030000.0,10000,VR看装修 房本满两年 随时看房 
抢手房型刚需优选，南北对流冬暖夏不晒，全景大阳台,紫泉翠荔嘉园,太平镇,3室2厅 ,90.06, 西南 , 简装 ,6,2008, 板楼,6, 4个月以前发布,1220000.0,13547,VR看装修 房本满五年 随时看房 
温泉富力边位别墅 带大花园   负离子空气 依山而建,富力泉天下,温泉镇,4室2厅 ,225.03, 北 , 其他 ,3, 塔楼 , 联排别墅 ,61, 8个月以前发布,2600000.0,11555,VR房源 房本满五年 随时看房 
环境优美，空气清新，一线江景，,人盛巴厘天地,神岗镇,3室2厅 ,112.41, 东南 , 其他 ,17,2013, 塔楼,0, 8个月以前发布,1375000.0,12233,VR看装修 房本满两年 随时看房 
山水御苑高层舒适三房景观好视野开阔,珠光山水御苑,江浦街,3室2厅 ,141.23, 南 , 精装 ,32,2014, 塔楼,1, 5个月以前发布,1550000.0,10976,VR看装修 房本满两年 随时看房 
人盛巴厘天地 小区配套 交通便捷,人盛巴厘天地,神岗镇,3室2厅 ,104.54, 东南 , 毛坯 ,17,2012, 塔楼,8, 2个月以前发布,1045000.0,9997,VR看装修 房本满五年 随时看房 
巴厘天地，绿化较高，适合居住。,人盛巴厘天地,神岗镇,3室2厅 ,128.98, 南 , 其他 ,17,2013, 塔楼,0, 7个月以前发布,1640000.0,12716,VR看装修 房本满五年 随时看房 
紫泉翠荔嘉高层园西南向的大户型房子,紫泉翠荔嘉园,太平镇,4室2厅 ,138.0, 西南 , 其他 ,18,2009, 塔楼,1, 3个月以前发布,1800000.0,13044,VR看装修 房本满五年 随时看房 
山水御苑中楼层舒适三房景观好视野开阔,珠光山水御苑,江浦街,3室2厅 ,103.07, 南 , 简装 ,32,2014, 塔楼,1, 2个月以前发布,1230000.0,11934,VR看装修 房本满两年 随时看房 
温泉旅游区，三面环山，南临流溪河,方圆明月山溪,温泉镇,1室1厅 ,58.0, 南 北 , 其他 ,18,2014, 塔楼,8, 2个月以前发布,670000.0,11552,VR看装修 房本满五年 随时看房 
侨宏花园 2室2厅 南,侨宏花园,温泉镇,2室2厅 ,119.0, 南 , 其他 ,7,2009, 塔楼,0, 1个月以前发布,990000.0,8320,VR房源 房本满五年 随时看房 
空气清新 负离子空气  层望山景视野开阔配套完善,富力泉天下,温泉镇,2室1厅 ,81.44, 北 , 其他 ,18,2014, 塔楼,1, 3个月以前发布,950000.0,11666,VR看装修 房本满五年 随时看房 
此房满二，户型朝南，视野宽阔，采光好,大城云山,太平镇,3室2厅 ,87.83, 南 , 毛坯 ,17,2016, 塔楼,4, 4个月以前发布,1280000.0,14574,近地铁 VR看装修 房本满两年 随时看房 
舒适三房，望江户型，门前大花园，适合居住。,人盛巴厘天地,神岗镇,3室2厅 ,126.17, 东南 , 其他 ,17,2012, 塔楼,5, 一年前发布,1270000.0,10066,VR看装修 房本满五年 随时看房 
巴厘天地，大三房，稀小带阳台，带装修。,人盛巴厘天地,神岗镇,3室2厅 ,102.0, 东南 , 其他 ,10,2008, 塔楼,0, 6个月以前发布,1396000.0,13687,VR看装修 房本满两年 随时看房 
人盛巴厘天地 3房2厅 看流溪河,人盛巴厘天地,神岗镇,3室2厅 ,107.96, 东南 , 精装 ,17,2012, 塔楼,1, 一年前发布,1300000.0,12042,VR看装修 房本满两年 随时看房 
富力泉天下联排别墅，价格便宜实惠，自带车库,富力泉天下,温泉镇,3室2厅 ,191.07, 东 , 毛坯 ,3, 塔楼 , 联排别墅 ,30, 3个月以前发布,2020000.0,10573,VR房源 房本满两年 随时看房 
环境优美空气清新，格局方正，南北对流通风好。,人盛巴厘天地,神岗镇,3室2厅 ,124.91, 东南 , 其他 ,17,2013, 塔楼,0, 一年前发布,1495000.0,11969,VR看装修 房本满五年 随时看房 
富力泉天下 4室2厅 南,富力泉天下,温泉镇,4室2厅 ,148.19, 南 , 其他 ,18,2014, 塔楼,3, 3个月以前发布,1500000.0,10123,VR看装修 房本满五年 随时看房 
高层户型，绿化较多，适合居住。,人盛巴厘天地,神岗镇,3室2厅 ,132.43, 东南 , 其他 ,17,2013, 塔楼,2, 10个月以前发布,1577000.0,11909,VR看装修 房本满两年 随时看房 
绿化好环境优美，交通便利，配套成熟,人盛巴厘天地,神岗镇,3室2厅 ,107.96, 东南 , 其他 ,17,2012, 塔楼,0, 一年前发布,1400000.0,12968,VR房源 房本满五年 随时看房 
单价低，总价不高，南向户型，业主诚信出售,人盛巴厘天地,神岗镇,3室2厅 ,105.48, 南 , 其他 ,17,2011, 塔楼,16, 一年前发布,1060000.0,10050,VR看装修 房本满五年 随时看房 
商圈配套齐全小区 带简单装修 三房带主卫 交通便利,上城湾畔东区,江浦街,3室2厅 ,114.65, 北 , 其他 ,15,2009, 塔楼,2, 3个月以前发布,2270000.0,19800,近地铁 VR看装修 房本满五年 随时看房 
人盛巴厘天地 3室2厅 南,人盛巴厘天地,神岗镇,3室2厅 ,118.21, 南 , 其他 ,17,2012, 塔楼,4, 7个月以前发布,1400000.0,11844,VR看装修 房本满两年 随时看房 
巴厘天地，绿化较高，适合居住。,人盛巴厘天地,神岗镇,3室2厅 ,112.0, 东南 , 其他 ,17,2013, 塔楼,0, 9个月以前发布,1450000.0,12947,VR看装修 房本满五年 随时看房 
南向电梯高层装修两房，阳台观景荔枝林,大城云山,太平镇,2室2厅 ,83.19, 东南 , 其他 ,11,2016, 塔楼,21, 一年前发布,1180000.0,14185,近地铁 VR看装修 房本满五年 随时看房 
小区绿化好，交通便利，生活配套成熟,人盛巴厘天地,神岗镇,3室2厅 ,108.0, 东 , 其他 ,17,2012, 塔楼,2, 1个月以前发布,1350000.0,12500,VR看装修 房本满两年 随时看房 
环境优美，空气清新，靠江傍水。,人盛巴厘天地,神岗镇,3室2厅 ,107.98, 东南 , 其他 ,17,2012, 塔楼,0, 8个月以前发布,1295000.0,11993,VR看装修 房本满五年 随时看房 
绿化环境好，背江望山景，给您一个舒适宁静的住房生活,人盛巴厘天地,神岗镇,3室2厅 ,108.99, 西南 南 , 毛坯 ,17,2012, 塔楼,0, 8个月以前发布,1246000.0,11433,VR看装修 房本满两年 随时看房 
小区绿化好，交通便利，生活配套成熟,人盛巴厘天地,神岗镇,3室2厅 ,129.0, 东南 , 其他 ,17,2012, 塔楼,1, 4个月以前发布,1340000.0,10388,VR看装修 房本满两年 随时看房 
珠光山水御苑 3室2厅 南 北,珠光山水御苑,江浦街,3室2厅 ,141.0, 南 北 , 其他 ,32,2014, 塔楼,2, 2个月以前发布,1410000.0,10000,VR看装修 房本满两年 随时看房 
地铁口 碧桂园管理 低密度四合围院 南北对流 大四房,荔山雅筑,赤草,4室2厅 ,135.5, 东南 , 毛坯 ,7,2015, 暂无数据,3, 1个月以前发布,1700000.0,12547,近地铁 VR看装修 房本满两年 随时看房 
紫泉翠荔嘉园   视野好 成熟小区 配套成熟，光线充足,紫泉翠荔嘉园,太平镇,3室1厅 ,103.63, 西北 , 其他 ,6,2007, 塔楼,1, 8个月以前发布,1380000.0,13317,VR看装修 房本满两年 随时看房 
环境优美，阳台看花园，空气清新，适合养老,人盛巴厘天地,神岗镇,3室2厅 ,113.32, 东南 , 精装 ,17,2012, 塔楼,15, 一年前发布,1240000.0,10943,VR看装修 房本满五年 随时看房 
上城湾畔 地铁口小区 流溪学 校河堤边 生活配套皆全,上城湾畔东区,江浦街,4室2厅 ,144.79, 南 , 其他 ,17,2009, 塔楼,3, 5个月以前发布,2900000.0,20030,近地铁 VR看装修 房本满五年 随时看房 
碧桂园物业在保利花城纪旁81方两房东向,君源御湖城,江浦街,2室2厅 ,81.48, 东 , 其他 ,16,2012, 塔楼,0, 一年前发布,1050000.0,12887,VR看装修 房本满五年 随时看房 
华标荔苑  楼梯中层  看房方便,华标荔苑,太平镇,2室1厅 ,73.93, 东北 , 毛坯 ,6,2013, 塔楼,36, 10个月以前发布,960000.0,12986,近地铁 VR看装修 房本满两年 随时看房 
小区环境优美，此房格局方正，视野开阔，生活配套齐全,紫泉翠荔嘉园,太平镇,2室2厅 ,90.87, 东南 , 其他 ,18,2009, 塔楼,3, 2个月以前发布,1290000.0,14197,VR看装修 房本满五年 随时看房 
人盛巴厘天地小区居住舒适，生活便利,人盛巴厘天地,神岗镇,3室2厅 ,127.0, 南 北 , 毛坯 ,17,2013, 塔楼,0, 1个月以前发布,1320000.0,10394,VR看装修 房本满五年 随时看房 
此房满二！税费低！望花园！采光十足！楼层适宜！,大城云山,太平镇,3室2厅 ,111.11, 东北 , 毛坯 ,17,2016, 塔楼,4, 1个月以前发布,1398000.0,12583,近地铁 VR看装修 房本满两年 随时看房 
城心地铁物业，配套设施齐全，户型方正实用,从化商贸城,江浦街,3室2厅 ,115.89, 南 , 简装 ,9,2000, 板楼,7, 一年前发布,1240000.0,10700,VR看装修 房本满五年 随时看房 
雅居乐小院流溪      四层别墅,雅居乐小院流溪,赤草,5室2厅 ,212.03, 东南 , 毛坯 ,2,2013, 塔楼,16, 一年前发布,3100000.0,14621,VR房源 房本满两年 随时看房 
地铁物业 中高楼层 楼距宽 采光好  毛坯大三房,雅居乐小院流溪,赤草,3室2厅 ,110.56, 西南 , 毛坯 ,16,2015, 塔楼,1, 7个月以前发布,1390000.0,12573,VR看装修 房本满两年 随时看房 
环境优美  空气清新 临流溪河 拥一线河景,雅居乐小院流溪,赤草,4室2厅 ,148.4, 南 , 毛坯 ,18,2015, 塔楼,22, 7个月以前发布,1500000.0,10108,VR看装修 房本满两年 随时看房 
温馨舒适两房，配套成熟，交通便利,人盛巴厘天地,神岗镇,2室2厅 ,81.1, 东南 , 毛坯 ,10,2013, 塔楼,2, 一年前发布,1050000.0,12947,VR看装修 房本满五年 随时看房 
小区绿化好，交通便利，生活配套成熟,人盛巴厘天地,神岗镇,3室2厅 ,127.03, 东南 , 毛坯 ,17,2012, 塔楼,0, 5个月以前发布,1500000.0,11809,VR房源 房本满两年 随时看房 
人盛巴厘天地 3室2厅 南,人盛巴厘天地,神岗镇,3室2厅 ,127.0, 南 , 毛坯 ,17,2013, 塔楼,0, 2个月以前发布,1500000.0,11812,VR看装修 房本满两年 随时看房 
上城四房，255万，南向，看花园,上城湾畔东区,江浦街,4室2厅 ,145.0, 南 北 , 简装 ,17,2009, 塔楼,18, 一年前发布,2550000.0,17587,近地铁 VR看装修 房本满五年 随时看房 
华标荔苑  地铁口300米  证过二,华标荔苑,太平镇,3室1厅 ,88.73, 南 , 毛坯 ,6,2011, 塔楼,40, 一年前发布,1208000.0,13615,近地铁 VR看装修 房本满两年 随时看房 
此房满二，户型朝南，视野宽阔，采光好,大城云山,太平镇,3室2厅 ,87.83, 南 , 毛坯 ,17,2016, 塔楼,4, 4个月以前发布,1280000.0,14574,近地铁 VR看装修 房本满两年 随时看房 
空气清新 负离子空气  层望山景视野开阔配套完善,富力泉天下,温泉镇,2室1厅 ,81.44, 北 , 其他 ,18,2014, 塔楼,1, 3个月以前发布,950000.0,11666,VR看装修 房本满五年 随时看房 
荔林春晓 电梯高层3房2卫 户型方正,荔林春晓,太平镇,3室2厅 ,105.89, 南 , 其他 ,18,2016, 塔楼,3, 6个月以前发布,1380000.0,13033,近地铁 VR看装修 房本满两年 随时看房 
房子精装修复式 主卧是三层复式利用率高  地铁口500米,大城云山,太平镇,6室2厅 ,112.27, 东南 , 精装 ,11,2016, 塔楼,9, 10个月以前发布,2400000.0,21378,近地铁 VR房源 房本满五年 随时看房 
南北通透的格局，采光通风好，视野宽阔，空气清新。,方圆明月山溪,温泉镇,2室1厅 ,75.16, 南 北 , 精装 ,18,2014, 塔楼,9, 4个月以前发布,900000.0,11975,VR看装修 房本满五年 随时看房 
此房产权已满5，税费少，小区配套齐全.生活方便,人盛巴厘天地,神岗镇,3室1厅 ,123.41, 西北 , 简装 ,17,2012, 塔楼,12, 2个月以前发布,1300000.0,10534,VR看装修 房本满五年 随时看房 
联排中间位别墅，地上三层带地下室。户型方正,雅居乐小院流溪,赤草,5室2厅 ,291.45, 东南 , 其他 ,3, 塔楼 , 联排别墅 ,2, 1个月以前发布,3880000.0,13313,VR房源 房本满两年 随时看房 
诚意出售 温泉旅游区  拥有丰富的原生态资源,方圆明月山溪,温泉镇,3室2厅 ,160.46, 南 , 精装 ,16,2011, 塔楼,2, 6个月以前发布,1750000.0,10907,VR看装修 随时看房 
证满二 实用三居室，房间实用面积大，公摊少,爱尚流溪,江浦街,3室2厅 ,87.64, 北 , 毛坯 ,24,2014, 塔楼,4, 5个月以前发布,990000.0,11297,VR看装修 房本满两年 随时看房 
上城湾畔B区     复式二房,上城湾畔B区,江浦街,2室1厅 ,96.37, 北 , 精装 ,10,2009, 塔楼,16, 一年前发布,1750000.0,18160,近地铁 VR房源 房本满五年 
珠光山水御苑实用三房户型、、、,珠光山水御苑,江浦街,3室2厅 ,102.89, 东南 , 毛坯 ,32,2014, 塔楼,1, 一年前发布,1440000.0,13996,VR看装修 房本满两年 
人盛巴厘天地 小区配套 成熟管理 交通便捷。,人盛巴厘天地,神岗镇,3室2厅 ,108.22, 南 , 精装 ,17,2012, 塔楼,1, 5个月以前发布,1460000.0,13492,VR看装修 房本满五年 
地铁口物业 大城云山 环境优美,大城云山,太平镇,3室2厅 ,125.04, 东北 , 精装 ,17,2016, 塔楼,2, 一年前发布,2100000.0,16795,近地铁 VR看装修 房本满两年 
巴厘天地 刚需三房 装修新净 配套完善,人盛巴厘天地,神岗镇,3室2厅 ,122.0, 南 , 精装 ,17,2011, 塔楼,2, 一年前发布,1500000.0,12296,VR看装修 房本满两年 
房子采光通风明亮 间隔方正实用,君源御湖城,江浦街,2室1厅 ,81.73, 南 , 精装 ,16,2011, 塔楼,10, 7个月以前发布,880000.0,10768,VR看装修 房本满两年 
小区交通便利，环境舒适，配套完善,人盛巴厘天地,神岗镇,3室2厅 ,111.32, 东南 , 毛坯 ,17,2012, 塔楼,0, 5个月以前发布,1410000.0,12667,VR看装修 房本满两年 
上湾畔B区，精装修，格局好，地铁口，视野开阔,上城湾畔B区,江浦街,3室2厅 ,116.13, 西北 , 精装 ,10,2009, 塔楼,14, 一年前发布,2200000.0,18945,近地铁 VR看装修 房本满五年 
紫泉 一楼带花园 低税费 简装修 适合老人家居住,紫泉翠荔嘉园,太平镇,2室1厅 ,67.52, 西南 , 简装 ,6,2008, 塔楼,41, 一年前发布,1200000.0,17773,VR房源 房本满五年 
紫泉流溪湾  电梯精装三房  视野开阔,紫泉流溪湾,太平镇,3室1厅 ,90.53, 东南 , 简装 ,18,2013, 板楼,1, 9个月以前发布,1580000.0,17453,VR看装修 房本满两年 
小区绿化好，交通便利，生活配套成熟,人盛巴厘天地,神岗镇,3室1厅 ,108.99, 南 , 其他 ,17,2012, 塔楼,0, 4个月以前发布,1350000.0,12387,VR看装修 房本满两年 
紫泉翠荔嘉园  低楼层  3房,紫泉翠荔嘉园,太平镇,3室2厅 ,89.77, 南 , 精装 ,6,2008, 塔楼,15, 一年前发布,1300000.0,14482,VR看装修 房本满五年 
星汇峰 电梯两房 业主诚心出售，随时看房,星汇峰,太平镇,2室1厅 ,79.99, 南 , 毛坯 ,12,2010, 塔楼,32, 8个月以前发布,900000.0,11252,VR看装修 房本满两年 随时看房 
紫泉翠荔嘉园  电梯精装两房 税费低,紫泉翠荔嘉园,太平镇,2室1厅 ,72.6, 东北 , 精装 ,18,2009, 塔楼,14, 2个月以前发布,1025000.0,14119,VR看装修 房本满两年 随时看房 
急卖急卖  地铁物业 毛坯 东南向 地铁口800米,大城云山,太平镇,2室1厅 ,83.19, 东北 , 毛坯 ,11,2016, 塔楼,29, 2个月以前发布,1070000.0,12863,近地铁 VR看装修 房本满五年 随时看房 
地铁就在大城云山门口 电梯洋房,大城云山,太平镇,3室2厅 ,96.42, 东北 , 毛坯 ,9,2016, 塔楼,20, 一年前发布,1250000.0,12965,近地铁 VR看装修 房本满五年 随时看房 
人盛巴厘天地。格局通透，环境安静！,人盛巴厘天地,神岗镇,2室2厅 ,84.97, 南 , 毛坯 ,17,2010, 塔楼,13, 2个月以前发布,830000.0,9769,VR看装修 房本满五年 随时看房 
住家好户型，低层带花园，交通出行更方便,紫泉翠荔嘉园,太平镇,2室2厅 ,67.46, 东南 , 简装 ,6,2007, 塔楼,5, 3个月以前发布,1190000.0,17641,VR看装修 房本满五年 随时看房 
中高层，户型好，配套完善，交通方便,云星钱隆天誉,太平镇,2室2厅 ,69.57, 西北 , 毛坯 ,25,2016, 塔楼,0, 1个月以前发布,950000.0,13656,VR看装修 房本满两年 随时看房 
地铁物业  大城云山电梯两房  税费低 看房方便,大城云山,太平镇,2室1厅 ,92.3, 东南 , 其他 ,17,2016, 塔楼,8, 3个月以前发布,1300000.0,14085,近地铁 VR看装修 房本满两年 随时看房 
"荔林春晓 地铁口盘,楼下商圈 依山伴水",荔林春晓,太平镇,3室1厅 ,94.33, 东北 , 毛坯 ,18,2016, 塔楼,105, 10个月以前发布,1150000.0,12192,近地铁 VR看装修 房本满两年 随时看房 
视野开阔，户型采光充足，毛坯可自行装修喜欢的风格,大城云山,太平镇,3室2厅 ,92.63, 西南 , 毛坯 ,17,2016, 塔楼,51, 3个月以前发布,1180000.0,12739,近地铁 VR看装修 房本满两年 随时看房 
富力泉天下望山两房中高层位置安静舒适,富力泉天下,温泉镇,2室2厅 ,81.44, 北 , 其他 ,18,2014, 塔楼,2, 3个月以前发布,930000.0,11420,VR看装修 房本满两年 
此房3房2厅，带入户花园，税费低，配套完善，交通方便,星汇峰,太平镇,3室2厅 ,108.79, 西南 , 简装 ,12,2010, 塔楼,1, 4个月以前发布,1400000.0,12869,VR看装修 房本满五年 
珠江壹城 5室2厅 西南,珠江壹城,神岗镇,5室2厅 ,368.41, 西南 , 毛坯 ,2, 板塔结合 , 独栋别墅 ,0, 7个月以前发布,5100000.0,13844,VR房源 房本满两年 
紫泉流溪湾，奢华4房双主套，远眺流溪河，前后无遮挡,紫泉流溪湾,太平镇,4室2厅 ,186.27, 南 , 毛坯 ,10,2012, 板楼,4, 一年前发布,2400000.0,12885,VR看装修 房本满两年 
配套完善， 交通便利 ，户型方正实用， 楼距间宽,爱尚流溪,江浦街,4室2厅 ,128.57, 南 , 其他 ,23,2014, 塔楼,4, 8个月以前发布,1300000.0,10112,VR看装修 房本满五年 
入户花园 视野无遮挡 采光充足 环境优美 安静舒适,人盛巴厘天地,神岗镇,2室2厅 ,84.91, 南 北 , 精装 ,17,2012, 塔楼,11, 一年前发布,1200000.0,14133,VR看装修 房本满五年 
越秀设计全明房过二低税实用三房,逸泉映翠,江浦街,3室1厅 ,99.41, 北 , 其他 ,21,2014, 塔楼,8, 一年前发布,1150000.0,11569,VR看装修 房本满两年 
紫泉翠荔嘉园  低楼层  3房,紫泉翠荔嘉园,太平镇,3室2厅 ,89.77, 南 , 精装 ,6,2008, 塔楼,15, 一年前发布,1300000.0,14482,VR看装修 房本满五年 
双阳台对流，望流溪河，通风采光好,人盛巴厘天地,神岗镇,3室2厅 ,107.96, 东南 , 精装 ,17,2012, 塔楼,2, 3个月以前发布,1350000.0,12505,VR房源 房本满五年 
巴塞阳光 流溪河旁 3房2厅 装修保养得当拎包即可入住,宏润巴塞阳光,河滨北路,3室2厅 ,121.31, 东南 , 其他 ,13,2008, 塔楼,4, 一年前发布,1700000.0,14014,VR看装修 房本满五年 
巴厘天地，三房带装修，中楼层，适合自住。,人盛巴厘天地,神岗镇,3室2厅 ,112.0, 南 , 精装 ,17,2013, 塔楼,6, 7个月以前发布,1400000.0,12500,VR看装修 房本满五年 
此房满五年，望小区花园，红本在手，客厅出阳台，南向,星汇峰,太平镇,3室2厅 ,100.08, 东南 , 其他 ,6,2010, 平房,0, 9个月以前发布,1370000.0,13690,VR看装修 房本满五年 
雅居乐小院流溪地铁物业景色宜人品质大4房,雅居乐小院流溪,赤草,4室2厅 ,116.53, 西 , 精装 ,16,2015, 塔楼,10, 一年前发布,1530000.0,13130,VR房源 房本满两年 
南北对流.离地铁近.交通方便.！,逸泉山庄,赤草,2室2厅 ,86.84, 南 , 精装 ,15,2010, 塔楼,155, 一年前发布,1130000.0,13013,近地铁 VR看装修 房本满两年 
夏日港湾    精装修   大三房,夏日港湾,江浦街,3室1厅 ,122.28, 东南 , 精装 ,21,2004, 塔楼,6, 一年前发布,2200000.0,17992,VR房源 房本满五年 
业主需要名而换房 诚意出售 价格可以商量 约看,利泰花林湖畔,鳌头镇,3室2厅 ,106.08, 南 , 精装 ,9,2012, 塔楼,0, 一年前发布,1790000.0,16875,VR看装修 房本满两年 
14号地铁线 环境优美  临流溪河 拥一线河景,雅居乐小院流溪,赤草,3室2厅 ,110.92, 东南 , 精装 ,16,2015, 塔楼,1, 7个月以前发布,1800000.0,16228,VR看装修 房本满两年 
珠光流溪御景140万业主诚意出售,珠光流溪御景,赤草,3室2厅 ,97.32, 北 , 精装 ,27,2012, 塔楼,4, 一年前发布,1400000.0,14386,VR看装修 房本满两年 
巴塞阳光 流溪河旁 3房2厅 装修保养得当拎包即可入住,宏润巴塞阳光,河滨北路,3室2厅 ,121.31, 东南 , 其他 ,13,2008, 塔楼,4, 一年前发布,1700000.0,14014,VR看装修 房本满五年 
此房满五年，望小区花园，红本在手，客厅出阳台，南向,星汇峰,太平镇,3室2厅 ,100.08, 东南 , 其他 ,6,2010, 平房,0, 9个月以前发布,1370000.0,13690,VR看装修 房本满五年 
雅居乐小院流溪地铁物业景色宜人品质大4房,雅居乐小院流溪,赤草,4室2厅 ,116.53, 西 , 精装 ,16,2015, 塔楼,10, 一年前发布,1530000.0,13130,VR房源 房本满两年 
南北对流.离地铁近.交通方便.！,逸泉山庄,赤草,2室2厅 ,86.84, 南 , 精装 ,15,2010, 塔楼,155, 一年前发布,1130000.0,13013,近地铁 VR看装修 房本满两年 
华标荔苑  地铁口300米 周  边配套齐全,华标荔苑,太平镇,2室1厅 ,90.8, 东南 东北 , 简装 ,12,2013, 塔楼,3, 2个月以前发布,1450000.0,15970,近地铁 VR看装修 房本满两年 
紫泉翠荔嘉园   户型方正   朝向好   楼层靓,紫泉翠荔嘉园,太平镇,3室2厅 ,106.09, 北 , 精装 ,6,2006, 塔楼,30, 一年前发布,1360000.0,12820,VR看装修 房本满五年 
紫泉流溪 湾精装修 南向  两房改三房,紫泉流溪湾,太平镇,3室2厅 ,76.6, 东南 , 精装 ,17,2012, 板楼,16, 10个月以前发布,1080000.0,14100,VR房源 房本满两年 
此房满二，改善房型厅大房大，带入户花园,星汇峰,太平镇,3室2厅 ,108.78, 南 , 精装 ,12,2010, 塔楼,0, 2个月以前发布,1620000.0,14893,VR看装修 房本满两年 
富力泉天下 独栋别墅 有山有水 鸟语花香 不看后悔,富力泉天下,温泉镇,5室2厅 ,227.0, 南 , 精装 ,3, 塔楼 , 独栋别墅 ,11, 2个月以前发布,3000000.0,13216,VR房源 房本满五年 
钱隆天誉高层电梯大三房  无遮挡,云星钱隆天誉,太平镇,3室2厅 ,96.94, 南 , 毛坯 ,25,2016, 塔楼,5, 一年前发布,1350000.0,13927,VR看装修 房本满两年 
一线江景，装修新净，位置优越。,夏日港湾,江浦街,3室2厅 ,125.01, 西 , 精装 ,21,2004, 塔楼,16, 一年前发布,2100000.0,16799,VR房源 房本满五年 
花林湖畔 靓楼层  视野好  证过五年且唯一一套,利泰花林湖畔,鳌头镇,3室2厅 ,94.25, 东 , 毛坯 ,11,2012, 塔楼,19, 6个月以前发布,740000.0,7852,VR看装修 房本满五年 
精装修、证过二、实用两居室。。,逸泉映翠,江浦街,2室1厅 ,76.63, 东 北 , 精装 ,24,2014, 塔楼,3, 6个月以前发布,1000000.0,13050,VR看装修 房本满两年 
此房证满两年，采光好，中高楼层，视野开阔，有电梯,人盛巴厘天地,神岗镇,2室2厅 ,82.0, 东南 , 毛坯 ,10,2013, 塔楼,9, 9个月以前发布,850000.0,10366,VR看装修 房本满两年 随时看房 
叠墅舒适四房，满两年，税费低，碧桂园大品牌,荔山雅筑,赤草,4室2厅 ,131.6, 南 , 毛坯 ,5,2013, 塔楼,4, 10个月以前发布,2000000.0,15198,VR房源 房本满两年 随时看房 
花林湖畔 94平3室 证满2年 房本在手 业主诚心出售,利泰花林湖畔,鳌头镇,3室2厅 ,94.0, 北 , 毛坯 ,9,2012, 塔楼,9, 一年前发布,810000.0,8618,VR看装修 房本满两年 随时看房 
地铁物业 华标荔苑电梯毛坯两房 此房满二 南北对流,华标荔苑,太平镇,2室2厅 ,91.74, 西南 , 毛坯 ,12,2013, 塔楼,1, 一年前发布,1550000.0,16896,近地铁 VR看装修 房本满两年 随时看房 
小区配套齐全 绿化覆盖率高自带幼儿园游泳池蓝球场,紫泉翠荔嘉园,太平镇,4室1厅 ,124.62, 东南 , 毛坯 ,6,2008, 板楼,1, 1个月以前发布,1480000.0,11877,VR看装修 房本满五年 随时看房 
逸泉映翠  南向 高层望流溪河 一线光景 希有户型,逸泉映翠,江浦街,3室2厅 ,96.0, 南 , 毛坯 ,24,2014, 塔楼,3, 2个月以前发布,1030000.0,10730,VR看装修 房本满两年 随时看房 
环境优美，生活便利、很适合居住。,人盛巴厘天地,神岗镇,2室1厅 ,82.0, 南 , 毛坯 ,17,2012, 塔楼,5, 一年前发布,947000.0,11549,VR看装修 房本满两年 随时看房 
荔山雅筑 碧桂园物业 地铁14号线赤草站物业,荔山雅筑,赤草,3室2厅 ,86.47, 东南 , 精装 ,6,2010, 塔楼,9, 9个月以前发布,1350000.0,15613,近地铁 VR看装修 房本满两年 随时看房 
业主急售  方圆明月山溪   舒适度假单间,方圆明月山溪,温泉镇,1室1厅 ,39.55, 南 , 精装 ,11,2014, 塔楼,106, 一年前发布,420000.0,10620,VR看装修 房本满五年 随时看房 
格局方正，户型对流，望花园，采光通风佳,爱尚流溪,江浦街,3室2厅 ,87.99, 北 , 毛坯 ,23,2014, 塔楼,20, 8个月以前发布,900000.0,10229,VR看装修 房本满两年 随时看房 
户型通透，采光良好，景色优美，可以望流溪河,紫泉流溪湾,太平镇,2室2厅 ,78.66, 西北 , 精装 ,18,2013, 板楼,0, 5个月以前发布,1100000.0,13985,VR看装修 房本满两年 随时看房 
地铁公寓，可以返租给酒店，装修保养好，单价便宜,新光百德广场,太平镇,1室0厅 ,44.55, 南 北 , 精装 ,16,2014, 塔楼,75, 一年前发布,350000.0,7857,近地铁 房本满两年 随时看房 
星汇峰 电梯两房 业主诚心出售，随时看房,星汇峰,太平镇,2室1厅 ,79.99, 南 , 毛坯 ,12,2010, 塔楼,32, 8个月以前发布,900000.0,11252,VR看装修 房本满两年 随时看房 
急卖急卖  地铁物业 毛坯 东南向 地铁口800米,大城云山,太平镇,2室1厅 ,83.19, 东北 , 毛坯 ,11,2016, 塔楼,29, 2个月以前发布,1070000.0,12863,近地铁 VR看装修 房本满五年 随时看房 
东方夏湾拿花园低密度住，单边位，精装修,东方夏湾拿,太平镇,5室2厅 ,208.15, 东 南 北 , 简装 ,3, 板塔结合 , 独栋别墅 ,7, 4个月以前发布,3800000.0,18257,VR房源 房本满五年 
配套设施齐全，户户有私家花园，视野宽阔、管理严谨,珠江壹城,神岗镇,7室4厅 ,354.31, 东南 , 精装 ,2, 板塔结合 , 独栋别墅 ,9, 3个月以前发布,4450000.0,12560,VR房源 随时看房 
此房满两年，南北对流，采光充足，交通便利,紫泉流溪湾,太平镇,2室2厅 ,76.61, 东南 , 其他 ,17,2012, 板楼,3, 6个月以前发布,1000000.0,13054,VR看装修 房本满两年 随时看房 
大三房户型，两梯两户，价钱优美，环境没得顶。,人盛巴厘天地,神岗镇,3室2厅 ,102.99, 南 , 其他 ,17,2012, 塔楼,2, 4个月以前发布,1078000.0,10468,VR看装修 房本满两年 随时看房 
双阳台设计 对流户型 背靠流溪河 ，生活配套齐全,人盛巴厘天地,神岗镇,2室1厅 ,82.88, 东南 , 其他 ,17,2013, 塔楼,0, 1个月以前发布,1070000.0,12911,VR看装修 房本满两年 随时看房 
地铁物业，毛坯南向靓楼层，证过二,大城云山,太平镇,3室2厅 ,92.63, 西南 , 毛坯 ,17,2016, 塔楼,93, 5个月以前发布,1140000.0,12308,近地铁 VR看装修 房本满两年 随时看房 
珠光山水御苑 4室2厅 南 北,珠光山水御苑,江浦街,4室2厅 ,102.42, 南 北 , 其他 ,31,2014, 塔楼,0, 1个月以前发布,1200000.0,11717,VR看装修 房本满两年 随时看房 
此房满两年，南向格局好，采光充足，配套设施齐全,华标荔苑,太平镇,2室1厅 ,91.63, 南 , 精装 ,12,2013, 塔楼,10, 10个月以前发布,1380000.0,15061,近地铁 VR看装修 房本满五年 随时看房 
珠江壹城 4室2厅 西南,珠江壹城,神岗镇,4室2厅 ,196.47, 西南 , 其他 ,28,2003, 板塔结合,14, 10个月以前发布,2490000.0,12674,VR房源 房本满两年 随时看房 
富力泉天下 大面积一房一厅  天然温泉,富力泉天下,温泉镇,1室1厅 ,78.79, 南 , 其他 ,7,2014, 塔楼,8, 一年前发布,800000.0,10154,VR看装修 房本满五年 随时看房 
"房子通风性能好，朝向好,通风通透性好，",华标荔苑,太平镇,1室1厅 ,45.98, 东南 东北 , 其他 ,6,2013, 塔楼,9, 6个月以前发布,700000.0,15225,近地铁 VR看装修 房本满两年 随时看房 
装修新净，家私家电齐全，朝南，光线充足,人盛巴厘天地,神岗镇,3室2厅 ,120.52, 南 北 , 精装 ,17,2012, 塔楼,2, 10个月以前发布,1390000.0,11534,VR看装修 房本满五年 
星河绿洲 3室2厅 南 北,星河绿洲,江浦街,3室2厅 ,102.26, 南 北 , 精装 ,8,2009, 塔楼,3, 1个月以前发布,1230000.0,12029,VR看装修 房本满五年 
环境优雅、户型方正雅居乐小院流溪笋盘出售,雅居乐小院流溪,赤草,3室2厅 ,116.32, 西北 北 , 毛坯 ,18,2012, 塔楼,2, 一年前发布,1500000.0,12896,VR看装修 房本满两年 
中等楼层，业主急售！！！！！！！！！！！,人盛巴厘天地,神岗镇,2室2厅 ,81.2, 西南 , 毛坯 ,10,2013, 塔楼,4, 一年前发布,1050000.0,12932,VR看装修 房本满五年 
珠光山水御苑 大入户花园 精装4房户型 南北通透,珠光山水御苑,江浦街,4室1厅 ,102.51, 南 北 , 精装 ,30,2016, 塔楼,8, 2个月以前发布,1200000.0,11707,VR看装修 房本满两年 
君源御湖城 3室1厅 南,君源御湖城,江浦街,3室1厅 ,104.23, 南 , 毛坯 ,16,2011, 塔楼,6, 1个月以前发布,1000000.0,9595,VR看装修 房本满五年 
利泰花林湖畔，两房两厅，满两年，业主诚意出售！,利泰花林湖畔,鳌头镇,2室2厅 ,95.63, 北 , 毛坯 ,11,2012, 塔楼,6, 一年前发布,840000.0,8784,VR看装修 房本满五年 
总价低 生活方便 交通便捷 诚心出售,回归路小区,太平镇,3室2厅 ,94.32, 南 , 简装 ,8,2000, 塔楼,5, 2个月以前发布,800000.0,8482,VR看装修 房本满两年 
雅居乐滨江花园，（2-2-1-1 81.00m05 205 万）,雅居乐滨江花园,江浦街,2室2厅 ,81.0, 北 , 精装 ,12,2007, 塔楼,9, 一年前发布,1850000.0,22840,VR看装修 房本满五年 
利泰花林湖畔  实用两房两厅 业主诚意出售,利泰花林湖畔,鳌头镇,2室2厅 ,79.49, 东南 , 毛坯 ,9,2012, 塔楼,1, 一年前发布,800000.0,10065,VR看装修 房本满五年 
配套成熟小区 过五唯一 实用率高 刚需户型,紫泉翠荔嘉园,太平镇,3室2厅 ,105.17, 东南 南 , 简装 ,6,2006, 板楼,22, 一年前发布,1330000.0,12647,VR看装修 房本满五年 
巴厘天地  2室2厅 中高楼层,人盛巴厘天地,神岗镇,2室2厅 ,81.0, 东北 , 毛坯 ,10,2013, 塔楼,1, 一年前发布,980000.0,12099,VR看装修 房本满五年 
紫泉翠荔嘉园精装2房 配套成熟小区 税费低,紫泉翠荔嘉园,太平镇,2室1厅 ,67.33, 南 , 精装 ,6,2008, 塔楼,75, 一年前发布,980000.0,14556,VR看装修 房本满五年 
紫泉流溪湾  视野开阔 安静舒适,紫泉流溪湾,太平镇,3室2厅 ,88.67, 北 , 精装 ,17,2012, 板楼,1, 8个月以前发布,1280000.0,14436,VR看装修 房本满两年 
上城地铁口大三房，满五，南北对流，户型方正,上城湾畔B区,江浦街,3室2厅 ,117.86, 南 , 毛坯 ,17,2009, 塔楼,3, 一年前发布,2200000.0,18667,近地铁 VR看装修 房本满五年 
夏湾拿洋房价格住别墅，南北对流，百变户型,东方夏湾拿,太平镇,2室2厅 ,121.55, 东南 , 简装 ,3,2010, 板塔结合,64, 一年前发布,1150000.0,9462,VR看装修 房本满两年 
丰盈雅居 近地铁 精装2房 证过2年税费低 看房方便,丰盈雅居,太平镇,2室2厅 ,72.2, 东南 , 简装 ,6,2010, 塔楼,4, 一年前发布,820000.0,11358,VR房源 房本满五年 
富力泉天下 4室2厅 南,富力泉天下,温泉镇,4室2厅 ,148.19, 南 , 精装 ,18,2014, 塔楼,2, 1个月以前发布,1570000.0,10595,VR看装修 房本满五年 
富力泉天下 南向 望流溪河 希有单边位  温馨三房,富力泉天下,温泉镇,3室1厅 ,110.13, 东南 , 精装 ,18,2014, 塔楼,1, 1个月以前发布,1280000.0,11623,VR看装修 房本满五年 
回归路小区  税费低装修新净 业主诚意卖,回归路小区,太平镇,3室2厅 ,100.44, 东 , 简装 ,8,1995, 暂无数据,3, 一年前发布,1200000.0,11948,VR看装修 房本满五年 
华标荔苑 地铁口物业 过二 灵动设计,华标荔苑,太平镇,2室2厅 ,88.0, 南 , 毛坯 ,6,2013, 塔楼,2, 一年前发布,1350000.0,15341,近地铁 VR看装修 房本满五年 
紫泉翠荔嘉园，带装修，采光充足 朝南,紫泉翠荔嘉园,太平镇,2室2厅 ,76.69, 东南 , 简装 ,6,2008, 塔楼,9, 8个月以前发布,980000.0,12779,VR看装修 房本满五年 
房子纯正南向无遮挡视野，三房两厅两卫空气流通房,云星钱隆天誉,太平镇,3室2厅 ,93.49, 东南 , 简装 ,25,2016, 塔楼,15, 3个月以前发布,1300000.0,13906,VR看装修 房本满两年 
富力泉天下 养生大盘 联排别墅 精装 小区环境优美,富力泉天下,温泉镇,5室2厅 ,166.11, 西南 , 精装 ,3, 塔楼 , 联排别墅 ,50, 2个月以前发布,1990000.0,11981,VR房源 房本满五年 
南北对流电梯洋房，户型方正四房，拎包入住,紫泉翠荔嘉园,太平镇,4室2厅 ,138.05, 西南 , 精装 ,18,2009, 塔楼,0, 9个月以前发布,2075000.0,15031,VR看装修 房本满五年 
地铁口，交通便利，环境优美，视野开阔,大城云山,太平镇,3室2厅 ,125.04, 东南 , 精装 ,17,2016, 塔楼,9, 一年前发布,1800000.0,14396,近地铁 VR看装修 房本满五年 
华标荔苑 过二 地铁口物业 交通方便 灵动设计,华标荔苑,太平镇,2室2厅 ,92.0, 东南 , 毛坯 ,6,2013, 塔楼,1, 一年前发布,1350000.0,14674,近地铁 VR看装修 房本满五年 
电梯精装两房  过年红本在手 实用高 拎包入住 户型正,星汇峰,太平镇,2室2厅 ,74.3, 南 北 , 精装 ,9,2010, 塔楼,50, 一年前发布,920000.0,12383,VR看装修 房本满五年 
雅居乐开发管理 紧・邻流溪河 环境优美 大四房,雅居乐小院流溪,赤草,4室2厅 ,117.86, 东南 , 精装 ,16,2015, 塔楼,4, 1个月以前发布,1590000.0,13491,VR看装修 房本满两年 
小区生活配套齐全，高档安静小区，环境好，交通便利,上城湾畔B区,江浦街,2室2厅 ,68.31, 西 , 简装 ,10,2009, 塔楼,3, 2个月以前发布,1680000.0,24594,近地铁 VR看装修 房本满两年 
利泰花林湖畔，两房两厅，满两年，业主诚意出售！,利泰花林湖畔,鳌头镇,2室2厅 ,95.63, 北 , 毛坯 ,11,2012, 塔楼,6, 一年前发布,840000.0,8784,VR看装修 房本满五年 
丰盈雅居 近地铁 精装2房 证过2年税费低 看房方便,丰盈雅居,太平镇,2室2厅 ,72.2, 东南 , 简装 ,6,2010, 塔楼,4, 一年前发布,820000.0,11358,VR房源 房本满五年 
楼层好，视野开阔，南向户型采光充足，小区环境好,大城云山,太平镇,3室1厅 ,96.28, 东北 , 简装 ,11,2016, 塔楼,2, 6个月以前发布,1550000.0,16099,近地铁 VR看装修 房本满五年 
上城地铁口大三房，满五，南北对流，户型方正,上城湾畔B区,江浦街,3室2厅 ,117.86, 南 , 毛坯 ,17,2009, 塔楼,3, 一年前发布,2200000.0,18667,近地铁 VR看装修 房本满五年 
紫泉翠荔嘉园精装2房 配套成熟小区 税费低,紫泉翠荔嘉园,太平镇,2室1厅 ,67.33, 南 , 精装 ,6,2008, 塔楼,75, 一年前发布,980000.0,14556,VR看装修 房本满五年 
雅居乐滨江花园，（2-2-1-1 81.00m05 205 万）,雅居乐滨江花园,江浦街,2室2厅 ,81.0, 北 , 精装 ,12,2007, 塔楼,9, 一年前发布,1850000.0,22840,VR看装修 房本满五年 
巴厘天地  2室2厅 中高楼层,人盛巴厘天地,神岗镇,2室2厅 ,81.0, 东北 , 毛坯 ,10,2013, 塔楼,1, 一年前发布,980000.0,12099,VR看装修 房本满五年 
紫泉流溪湾  视野开阔 安静舒适,紫泉流溪湾,太平镇,3室2厅 ,88.67, 北 , 精装 ,17,2012, 板楼,1, 8个月以前发布,1280000.0,14436,VR看装修 房本满两年 
户型阳光充足通风好，带装修，证过二，拎包入住,逸泉映翠,江浦街,3室2厅 ,99.6, 南 , 精装 ,23,2014, 塔楼,1, 8个月以前发布,1350000.0,13555,VR看装修 房本满两年 
逸泉映翠 精装三房南向望园林 配套全近地铁 证过二,逸泉映翠,江浦街,3室2厅 ,98.34, 南 , 精装 ,24,2014, 塔楼,2, 7个月以前发布,1200000.0,12203,VR看装修 房本满两年 
上城湾畔B区毛坯3房。双阳台，证满两年,上城湾畔B区,江浦街,3室2厅 ,93.0, 西北 , 其他 ,17,2009, 塔楼,2, 1个月以前发布,1800000.0,19355,近地铁 VR看装修 房本满五年 
方圆明月山溪 2室1厅 东南,方圆明月山溪,温泉镇,2室1厅 ,89.59, 东南 , 精装 ,11,2014, 塔楼,6, 1个月以前发布,900000.0,10046,VR看装修 房本满五年 
楼层好，格局好，视野宽阔，采光充足，交通便利,星河绿洲,江浦街,2室2厅 ,73.24, 东南 北 , 精装 ,8,2009, 塔楼,21, 5个月以前发布,950000.0,12972,VR看装修 房本满五年 
逸泉山庄 南向 小高层电梯 精装修,逸泉山庄,赤草,3室1厅 ,135.09, 南 , 精装 ,7,2009, 塔楼,4, 2个月以前发布,1680000.0,12437,近地铁 VR看装修 房本满五年 
人盛大厦精装3房2厅 业主诚心出售,人盛大厦,旧城区,3室2厅 ,112.4, 东南 , 精装 ,9,1998, 塔楼,6, 一年前发布,1300000.0,11566,VR房源 房本满五年 
电梯高层洋房， 小区管理，拎包入住,珠光山水御苑,江浦街,3室1厅 ,103.9, 东南 , 精装 ,31,2014, 塔楼,9, 一年前发布,1200000.0,11550,VR看装修 房本满两年 
富力泉天下温馨小两房，地处山顶公园,富力泉天下,温泉镇,2室2厅 ,81.36, 北 , 精装 ,18,2014, 塔楼,9, 一年前发布,1000000.0,12292,VR看装修 房本满两年 
全新精装修三房，阳台视野开阔无遮挡，环境安静优美！,珠光流溪御景,赤草,3室2厅 ,95.82, 西北 北 , 精装 ,18,2013, 塔楼,4, 1个月以前发布,1200000.0,12524,VR看装修 房本满两年 
大城云山 现代化精装修 地铁口物业,大城云山,太平镇,3室1厅 ,113.59, 东北 , 精装 ,11,2016, 塔楼,48, 一年前发布,1650000.0,14526,近地铁 VR看装修 房本满五年 
业主割爱出售 逸泉映翠南向精装大三房精心保养,逸泉映翠,江浦街,3室1厅 ,126.9, 南 北 , 精装 ,24,2014, 塔楼,5, 7个月以前发布,1550000.0,12215,VR看装修 房本满两年 
此房高层采光充足，前望流溪河后有泳池背靠风云岭,珠光流溪御景,赤草,3室2厅 ,130.25, 东南 南 , 毛坯 ,12,2013, 塔楼,3, 2个月以前发布,1680000.0,12899,VR看装修 房本满两年 
洋房中高层，视野开阔，楼距宽，采光好，户型方正,雅居乐小院流溪,赤草,3室2厅 ,110.92, 东南 , 精装 ,16,2015, 塔楼,15, 2个月以前发布,1400000.0,12622,VR看装修 房本满两年 
楼层好     视野开阔    环境优雅  空气清新,雍禾苑,新城片区,3室2厅 ,112.83, 南 西南 , 精装 ,21,2012, 塔楼,22, 一年前发布,1950000.0,17283,VR看装修 房本满两年 
君源御湖城 3室2厅 东南,君源御湖城,江浦街,3室2厅 ,102.62, 东南 , 毛坯 ,16,2012, 塔楼,0, 8个月以前发布,1150000.0,11207,VR看装修 房本满五年 
视野开阔，东南向户型采光充足，毛坯可自行装修喜欢的,大城云山,太平镇,2室2厅 ,90.57, 东南 , 毛坯 ,15,2016, 塔楼,6, 3个月以前发布,1280000.0,14133,近地铁 VR看装修 房本满两年 随时看房 
户型通透，望流溪河，景色优美。空气好,紫泉流溪湾,太平镇,2室2厅 ,78.66, 西北 , 精装 ,18,2013, 板楼,7, 4个月以前发布,1080000.0,13730,VR看装修 房本满两年 随时看房 
方方正正户型 ， 边位房型全揽花园,人盛巴厘天地,神岗镇,2室2厅 ,84.57, 南 , 其他 ,17,2012, 塔楼,1, 1个月以前发布,1000000.0,11825,VR看装修 房本满五年 随时看房 
实用户型 地铁邻旁 北望风景！,逸泉映翠,江浦街,3室1厅 ,99.86, 东北 , 其他 ,21,2014, 塔楼,1, 一年前发布,1280000.0,12818,VR看装修 房本满两年 
巴厘天地大三房 品质小区 居住环境舒适,人盛巴厘天地,神岗镇,3室2厅 ,125.0, 南 , 其他 ,17,2012, 塔楼,0, 5个月以前发布,1650000.0,13200,VR看装修 房本满五年 
小区环境优美，绿化好，小区居住安静。,人盛巴厘天地,神岗镇,3室2厅 ,121.0, 东南 , 其他 ,17,2011, 塔楼,0, 7个月以前发布,1470000.0,12149,VR看装修 房本满两年 
富力泉天下精装别墅，即可经营民宿，也可自住,富力泉天下,温泉镇,6室2厅 ,202.92, 南 北 , 其他 ,3, 塔楼 , 联排别墅 ,31, 1个月以前发布,2200000.0,10842,VR房源 房本满两年 
富力泉天下 3室2厅 南,富力泉天下,温泉镇,3室2厅 ,120.0, 南 , 其他 ,18,2014, 塔楼,1, 5个月以前发布,1420000.0,11834,VR看装修 房本满五年 
南北对流小区绿化好，交通便利，生活配套成熟,人盛巴厘天地,神岗镇,3室2厅 ,102.84, 东南 , 其他 ,17,2012, 塔楼,0, 8个月以前发布,1340000.0,13030,VR看装修 房本满五年 
地铁楼盘！证满两年！南北对流！3房户型精装修,人盛巴厘天地,神岗镇,3室2厅 ,99.11, 西北 , 其他 ,17,2012, 塔楼,0, 5个月以前发布,1290000.0,13016,VR看装修 房本满五年 
明月山溪 1室1厅 度假养老优先 高楼层 视野开阔,方圆明月山溪,温泉镇,1室1厅 ,57.99, 东南 , 其他 ,18,2014, 塔楼,2, 5个月以前发布,700000.0,12072,VR看装修 房本满五年 
紫泉翠荔嘉园  精装三房带超大前后花园  附家私家电,紫泉翠荔嘉园,太平镇,3室2厅 ,89.77, 东南 , 简装 ,6,2008, 塔楼,16, 一年前发布,1700000.0,18938,VR看装修 房本满五年 
房子采光通风明亮 间隔方正实用 南北对流,君源御湖城,江浦街,2室2厅 ,81.09, 南 , 毛坯 ,16,2011, 塔楼,1, 5个月以前发布,910000.0,11223,VR看装修 房本满五年 
星汇峰 南北对流朝向，通风通透性好，利用率高,星汇峰,太平镇,2室2厅 ,74.29, 北 , 精装 ,9,2010, 塔楼,7, 2个月以前发布,950000.0,12788,VR看装修 房本满五年 
中高楼层，南向无遮挡。格局方正。,紫泉流溪湾,太平镇,2室2厅 ,76.61, 南 , 毛坯 ,17,2012, 板楼,5, 6个月以前发布,1000000.0,13054,VR看装修 房本满两年 
房子采光通风明亮 间隔方正实用 南北对流,君源御湖城,江浦街,2室2厅 ,80.76, 北 , 毛坯 ,16,2012, 塔楼,4, 5个月以前发布,800000.0,9906,VR看装修 房本满五年 
明月山溪，三面环山，看湖，拥有丰富的原生态资源,方圆明月山溪,温泉镇,1室1厅 ,57.95, 东 北 , 其他 ,18,2014, 塔楼,3, 3个月以前发布,670000.0,11562,VR看装修 房本满两年 
房子采光通风明亮 间隔方正实用 南北对流,君源御湖城,江浦街,2室2厅 ,80.76, 北 , 毛坯 ,16,2012, 塔楼,4, 5个月以前发布,800000.0,9906,VR看装修 房本满五年 
碧桂园御湖城 南向精装修三房 大阳台户型,君源御湖城,江浦街,3室2厅 ,103.87, 南 , 精装 ,16,2011, 塔楼,0, 2个月以前发布,1260000.0,12131,VR看装修 随时看房 
宏城海峰，流溪河畔，精致3房。,宏诚海峰花园,江浦街,3室2厅 ,86.7, 西南 , 毛坯 ,15,2014, 塔楼,2, 一年前发布,1400000.0,16148,VR看装修 随时看房 
流溪河山庄 3室1厅 东南,流溪河山庄,赤草,3室1厅 ,110.52, 东南 , 简装 ,6,1998, 板楼,13, 1个月以前发布,800000.0,7239,VR房源 随时看房 
格局方正，朝向好，光线好，楼龄新,大城云山,太平镇,3室2厅 ,121.18, 南 , 毛坯 ,22,2016, 塔楼,11, 7个月以前发布,1400000.0,11554,近地铁 VR看装修 随时看房 
电梯刚需三房带主卫  视野开阔 实用高 配套成熟新小区,云星钱隆天誉,太平镇,3室2厅 ,123.4, 北 , 毛坯 ,25,2014, 塔楼,3, 一年前发布,1680000.0,13615,VR房源 随时看房 
大城云山 正规三房 采光充足 视野广阔,大城云山,太平镇,3室2厅 ,121.58, 西南 , 毛坯 ,22,2016, 塔楼,6, 8个月以前发布,1480000.0,12174,近地铁 VR房源 随时看房 
地铁口700米大城云山大三房精装修业主诚意出售,大城云山,太平镇,3室2厅 ,117.71, 南 北 , 其他 ,17,2016, 塔楼,2, 9个月以前发布,1700000.0,14443,近地铁 VR看装修 房本满两年 
珠江配套大盘1字头地铁物业带精装修,珠江壹城,神岗镇,5室2厅 ,323.0, 西南 , 其他 ,2, 板塔结合 , 独栋别墅 ,3, 一年前发布,4450000.0,13778,VR房源 房本满两年 
户型格局好，配套齐全，交通方便,星汇峰,太平镇,2室2厅 ,73.53, 东北 , 其他 ,9,2010, 塔楼,20, 10个月以前发布,1050000.0,14280,VR看装修 房本满五年 
此房满五年，税费低，配套完善，交通方便,星汇峰,太平镇,3室2厅 ,108.79, 南 , 毛坯 ,12,2010, 塔楼,1, 7个月以前发布,1390000.0,12777,VR看装修 房本满五年 
夏日港湾 大3房 格局方正 南向采光充足笋盘出售,夏日港湾,江浦街,3室2厅 ,128.44, 南 , 其他 ,8,2004, 板楼,25, 7个月以前发布,1700000.0,13236,VR房源 房本满两年 
上城湾畔东区低层南向4房。业主诚意出售,上城湾畔东区,江浦街,4室2厅 ,144.59, 南 , 其他 ,17,2009, 塔楼,2, 2个月以前发布,2700000.0,18674,近地铁 VR看装修 房本满五年 
高楼层，户型方正，舒适大三房。,人盛巴厘天地,神岗镇,3室2厅 ,115.72, 东南 , 其他 ,17,2012, 塔楼,3, 2个月以前发布,1300000.0,11235,VR看装修 房本满两年 
空气清新 负离子空气 优质的森林山景视野开阔配套完善,富力泉天下,温泉镇,4室2厅 ,154.09, 东南 , 其他 ,23,2014, 塔楼,0, 1个月以前发布,1780000.0,11552,VR看装修 房本满两年 
大成云山  近地铁口  南向望园林,大城云山,太平镇,3室1厅 ,114.25, 东 南 , 其他 ,11,2016, 塔楼,1, 一年前发布,1650000.0,14443,近地铁 VR看装修 房本满五年 
配套成熟小区、南向格局方正采光好实用三房,爱尚流溪,江浦街,3室2厅 ,127.49, 南 , 其他 ,24,2014, 塔楼,4, 9个月以前发布,1350000.0,10590,VR看装修 房本满两年 
满五年，税费低，配套完善，交通方便,星汇峰,太平镇,2室1厅 ,76.81, 南 , 其他 ,9,2010, 塔楼,9, 10个月以前发布,950000.0,12369,VR看装修 房本满五年 
新时代家园 3室1厅 北 东北,新时代家园,旧城区,3室1厅 ,93.54, 北 东北 , 其他 ,9,2012, 塔楼,5, 2个月以前发布,1120000.0,11974,VR看装修 房本满两年 
富力泉天下 3室1厅 南,富力泉天下,温泉镇,3室1厅 ,123.54, 南 , 其他 ,18,2014, 塔楼,4, 8个月以前发布,1250000.0,10119,VR看装修 房本满两年 
富力泉天下 6室2厅 南 北,富力泉天下,温泉镇,6室2厅 ,221.0, 南 北 , 其他 ,3, 塔楼 , 联排别墅 ,0, 2个月以前发布,3600000.0,16290,VR房源 房本满五年 
富力泉天下 3室1厅 南,富力泉天下,温泉镇,3室1厅 ,123.54, 南 , 其他 ,18,2014, 塔楼,4, 8个月以前发布,1250000.0,10119,VR看装修 房本满两年 
山水御苑  全新装修  拎包即可入住,珠光山水御苑,江浦街,2室1厅 ,77.24, 北 , 其他 ,30,2016, 塔楼,1, 4个月以前发布,990000.0,12818,VR看装修 房本满两年 
南北对流正三房，户型方正，采光十足,紫泉翠荔嘉园,太平镇,3室1厅 ,90.04, 东南 , 其他 ,6,2004, 板楼,18, 9个月以前发布,1250000.0,13883,VR看装修 房本满五年 
满两年，税费低，配套完善，交通方便,星汇峰,太平镇,2室1厅 ,47.83, 东南 , 其他 ,6,2010, 塔楼,50, 10个月以前发布,680000.0,14218,VR看装修 房本满五年 
星汇峰 精装3房户型方正  南北对流,星汇峰,太平镇,3室2厅 ,100.0, 东南 , 其他 ,6,2010, 塔楼,13, 3个月以前发布,1170000.0,11700,VR房源 房本满两年 
托斯卡纳(从化区) 3室1厅 南,托斯卡纳(从化区),新城片区,3室1厅 ,136.84, 南 , 精装 ,7,2000, 板楼,3, 1个月以前发布,1780000.0,13008,VR看装修 房本满五年 
方圆明月山溪 2室2厅 北,方圆明月山溪,温泉镇,2室2厅 ,74.95, 北 , 其他 ,18,2014, 塔楼,7, 9个月以前发布,850000.0,11341,VR看装修 房本满五年 
巴厘天地，绿化较高，适合居住。,人盛巴厘天地,神岗镇,3室2厅 ,112.76, 东南 , 其他 ,17,2013, 塔楼,1, 9个月以前发布,1550000.0,13747,VR看装修 房本满两年 
此房该户型是北向阳光充足通风好，带装修，通风光亮,逸泉映翠,江浦街,3室2厅 ,99.24, 北 , 其他 ,23,2014, 塔楼,3, 5个月以前发布,1200000.0,12092,VR看装修 房本满五年 
电梯 三房 东南向 中高层 视野无遮挡 ~,紫泉翠荔嘉园,太平镇,3室2厅 ,90.87, 东南 , 精装 ,18,2009, 塔楼,10, 一年前发布,1300000.0,14307,VR看装修 房本满五年 
侨宏花园 视野宽阔 采光充足 配套齐全 交通便利.,侨宏花园,温泉镇,1室1厅 ,43.82, 东北 , 精装 ,7,2008, 塔楼,70, 一年前发布,360000.0,8216,VR房源 房本满五年 
上城湾畔超靓小户型，生活配套齐，环境好。,上城湾畔B区,江浦街,2室1厅 ,68.65, 北 , 其他 ,10,2009, 塔楼,4, 8个月以前发布,1650000.0,24035,近地铁 VR看装修 房本满两年 
此房满二，此房2房1厅，税费低，带家私家具出售,星汇峰,太平镇,2室1厅 ,79.99, 东南 , 简装 ,12,2010, 塔楼,3, 4个月以前发布,1090000.0,13627,VR看装修 房本满五年 
丰盈雅居 2室2厅 南,丰盈雅居,太平镇,2室2厅 ,72.32, 南 , 简装 ,6,1994, 塔楼,10, 2个月以前发布,750000.0,10371,VR房源 房本满两年 
怡景楼  两房两厅 格局方正随时看房,从化怡景楼,太平镇,2室2厅 ,72.54, 北 , 精装 ,8,2010, 塔楼,4, 一年前发布,900000.0,12407,VR看装修 房本满五年 
交通方便，中层南向，格局方正实用,华标荔苑,太平镇,2室2厅 ,75.56, 南 , 精装 ,6,2013, 塔楼,37, 2个月以前发布,1100000.0,14558,近地铁 VR看装修 房本满五年 
明月山溪温馨单间  空气负离子高,方圆明月山溪,温泉镇,1室1厅 ,39.3, 南 , 精装 ,18,2014, 塔楼,4, 5个月以前发布,500000.0,12723,VR看装修 房本满五年 
环境优雅，交通便利，高楼层小居室洋房。,雅居乐滨江花园,江浦街,2室2厅 ,82.94, 东 , 精装 ,11,2007, 塔楼,8, 一年前发布,1750000.0,21100,近地铁 VR房源 房本满五年 
紫泉翠荔嘉园 电梯精装两房 税费低,紫泉翠荔嘉园,太平镇,2室2厅 ,72.6, 东北 , 精装 ,18,2009, 塔楼,2, 1个月以前发布,1180000.0,16254,VR看装修 房本满五年 
星汇峰 户型方正 精装房 出行方便,星汇峰,太平镇,2室1厅 ,77.0, 南 , 精装 ,9,2010, 塔楼,4, 2个月以前发布,1050000.0,13637,VR看装修 房本满两年 
业主诚意出售  依山而建天然温泉,居礼润园,温泉镇,3室2厅 ,112.0, 南 , 毛坯 ,18,2008, 板楼,11, 5个月以前发布,1300000.0,11608,VR看装修 房本满两年 
带装修，保养很新，满5年，采光好。,紫泉翠荔嘉园,太平镇,2室2厅 ,67.46, 东南 , 简装 ,6,2007, 塔楼,14, 3个月以前发布,880000.0,13045,VR看装修 房本满五年 
钱隆天誉 房产证过二  稀有两房户型 质量房源,云星钱隆天誉,太平镇,2室1厅 ,69.57, 西北 , 精装 ,25,2016, 塔楼,25, 7个月以前发布,1000000.0,14375,VR看装修 房本满两年 
紫泉翠荔嘉园  带装修四房  户型方正,紫泉翠荔嘉园,太平镇,4室2厅 ,117.26, 南 , 其他 ,6,2006, 板楼,2, 一年前发布,1700000.0,14498,VR看装修 房本满五年 
环境优雅、空气清新、交通便利、配套齐全。,时代名苑,旧城区,3室2厅 ,99.92, 南 , 其他 ,8,2000, 塔楼,14, 5个月以前发布,1100000.0,11009,VR看装修 房本满五年 
御湖城别墅 单边位 带花园大约两三百平方 没有按揭,君源御湖城,江浦街,5室3厅 ,313.53, 南 , 毛坯 ,4, 塔楼 , 独栋别墅 ,14, 7个月以前发布,4000000.0,12758,VR房源 
东方夏湾拿4-2-1-3 143.74m05,东方夏湾拿,太平镇,4室2厅 ,143.74, 东南 , 精装 ,3, 板塔结合 , 独栋别墅 ,32, 3个月以前发布,2270000.0,15793,VR房源 
君源御湖城 5室3厅 南,君源御湖城,江浦街,5室3厅 ,377.33, 南 , 毛坯 ,4, 塔楼 , 独栋别墅 ,0, 3个月以前发布,6600000.0,17492,VR房源 
流溪河森林公园内 独栋别墅 望湖景 独立花园 产权清晰,流溪河森林公园二街,未知商圈,5室2厅 ,1761.45, 南 西南 , 毛坯 ,3,1998, 板塔结合,3, 3个月以前发布,24000000.0,13626,VR房源 
格局通透，人气旺，24小时安保，出租率高,广东动漫城,神岗镇,1室1厅 ,38.5, 东南 , 简装 ,12,2013, 塔楼,25, 1个月以前发布,220000.0,5715,VR房源 房本满两年 随时看房 
温泉财富小镇  环境优美  度假胜地,方圆明月山溪,温泉镇,1室1厅 ,44.81, 南 , 精装 ,18,2014, 塔楼,17, 3个月以前发布,418000.0,9329,VR看装修 房本满五年 随时看房 
温馨单间，视野无遮挡，采光充足！,广东动漫城,神岗镇,1室0厅 ,37.12, 东南 , 简装 ,11,2012, 塔楼,43, 10个月以前发布,200000.0,5388,房本满五年 随时看房 
低总价大城云山毛坯洋房诚意出售,大城云山,太平镇,1室0厅 ,42.95, 北 , 毛坯 ,9,2016, 塔楼,21, 4个月以前发布,660000.0,15367,近地铁 VR看装修 房本满两年 随时看房 
格局方正   南向   温泉财富小镇,方圆明月山溪,温泉镇,1室1厅 ,44.81, 东南 , 精装 ,18,2014, 塔楼,1, 2个月以前发布,490000.0,10936,VR看装修 房本满五年 随时看房 
大城云山 地铁口房源 城行方便 配套齐全,大城云山,太平镇,3室2厅 ,121.3, 东南 , 毛坯 ,22,2016, 塔楼,12, 一年前发布,1600000.0,13191,近地铁 VR看装修 随时看房 
雅居乐开发管理 流溪河边 中空四层别墅 有天有地,雅居乐小院流溪,赤草,4室2厅 ,291.45, 西南 东北 , 毛坯 ,3, 塔楼 , 联排别墅 ,3, 1个月以前发布,3380000.0,11598,VR房源 随时看房 
名城御景绿洲，户型方正，视野好，高性价。,名城御景绿洲,江浦街,3室1厅 ,120.5, 东 , 毛坯 ,21,2011, 塔楼,13, 一年前发布,1550000.0,12864,近地铁 VR看装修 随时看房 
东南向，采光充足，楼层好，视野很开阔，无遮挡,大城云山,太平镇,2室2厅 ,95.98, 南 , 毛坯 ,22,2016, 塔楼,47, 2个月以前发布,1122000.0,11690,近地铁 VR看装修 随时看房 
山水御苑 南北对流户型 格局方正 环境优美 安静舒适,珠光山水御苑,江浦街,3室2厅 ,103.0, 南 北 , 精装 ,32,2014, 塔楼,2, 3个月以前发布,1160000.0,11263,VR看装修 随时看房 
业主诚意出售 绿化高环境舒适 封闭式小区,方圆明月山溪,温泉镇,2室2厅 ,85.0, 南 , 精装 ,11,2014, 塔楼,24, 5个月以前发布,930000.0,10942,VR看装修 随时看房 
视野开阔，户型采光充足，毛坯可自行装修喜欢的风格,大城云山,太平镇,2室1厅 ,59.5, 东南 , 毛坯 ,22,2016, 塔楼,1,20,998000.0,16774,近地铁 VR看装修 随时看房 
富力泉天下实用四房，适合居住，环境优美,富力泉天下,温泉镇,4室1厅 ,153.43, 南 , 其他 ,23,2014, 塔楼,9, 9个月以前发布,1600000.0,10429,VR看装修 房本满两年 
紫泉翠荔嘉园，毛坯四房  南北对流 采光好,紫泉翠荔嘉园,太平镇,4室2厅 ,124.96, 西南 , 其他 ,6,2008, 板楼,0, 3个月以前发布,1500000.0,12004,VR看装修 房本满五年 
此房证过两年，南向户型，商圈配套便利.,欣荣宏国际商贸城,江浦街,3室2厅 ,99.58, 南 , 其他 ,18,2014, 塔楼,8, 2个月以前发布,1750000.0,17574,近地铁 房本满两年 
紫泉流溪湾 2室2厅 西北,紫泉流溪湾,太平镇,2室2厅 ,78.66, 西北 , 其他 ,18,2013, 板楼,0, 1个月以前发布,1100000.0,13985,VR看装修 房本满两年 
大城云山 精装修两房 业主急需置换,大城云山,太平镇,2室2厅 ,83.19, 东 , 其他 ,11,2016, 塔楼,23, 10个月以前发布,1200000.0,14425,近地铁 VR看装修 房本满五年 
逸泉映翠 3室2厅 南,逸泉映翠,江浦街,3室2厅 ,95.76, 南 , 其他 ,24,2014, 塔楼,3, 1个月以前发布,1170000.0,12219,VR看装修 房本满两年 
星河绿洲 望流溪河 环境优美 小2房笋盘出售,星河绿洲,江浦街,2室1厅 ,87.3, 南 , 其他 ,12,2009, 塔楼,3, 2个月以前发布,1310000.0,15006,VR看装修 房本满五年 
客厅双阳台看流溪河，厅出阳台采光锃亮,星河绿洲,江浦街,3室2厅 ,148.5, 南 北 , 精装 ,12,2009, 塔楼,1, 7个月以前发布,2080000.0,14007,VR看装修 随时看房 
紫泉流溪湾 南北对流  望流溪河  户型实用,紫泉流溪湾,太平镇,3室2厅 ,90.53, 南 , 其他 ,18,2013, 板楼,8, 9个月以前发布,1300000.0,14360,VR看装修 随时看房 
方圆明月山溪 1室1厅 南,方圆明月山溪,温泉镇,1室1厅 ,44.81, 南 , 其他 ,18,2014, 塔楼,1, 6个月以前发布,540000.0,12051,VR看装修 房本满两年 随时看房 
明月山溪，三面环山，看湖，拥有丰富的原生态资源,方圆明月山溪,温泉镇,1室1厅 ,44.81, 南 , 其他 ,18,2014, 塔楼,7, 6个月以前发布,500000.0,11159,VR看装修 房本满五年 随时看房 
楼层好，视野开阔，户型采光充足,大城云山,太平镇,1室1厅 ,55.01, 东南 , 其他 ,9,2016, 塔楼,5,30,960000.0,17452,近地铁 VR看装修 
华标荔苑 太平地铁口200米 一房一厅,华标荔苑,太平镇,1室1厅 ,44.11, 西南 , 其他 ,6,2013, 塔楼,71, 一年前发布,660000.0,14963,近地铁 VR看装修 房本满两年 
满五年，税费低，配套完善，交通方便,星汇峰,太平镇,2室2厅 ,79.99, 东南 , 毛坯 ,12,2010, 塔楼,2, 10个月以前发布,1000000.0,12502,VR看装修 房本满五年 
满五此房2房1厅，税费低，带入户花园,星汇峰,太平镇,2室1厅 ,79.99, 南 , 精装 ,12,2010, 塔楼,1, 3个月以前发布,1100000.0,13752,VR看装修 房本满两年 
爱尚流溪 南向大三房 采光好 户型靓 业主急售,爱尚流溪,江浦街,3室2厅 ,100.15, 南 , 其他 ,24,2015, 塔楼,4, 4个月以前发布,1050000.0,10485,VR看装修 房本满两年 
紫泉翠荔嘉园，毛坯四房  南北对流 采光好,紫泉翠荔嘉园,太平镇,4室2厅 ,124.96, 西南 , 其他 ,6,2008, 板楼,0, 3个月以前发布,1500000.0,12004,VR看装修 房本满五年 
富力泉天下实用四房，适合居住，环境优美,富力泉天下,温泉镇,4室1厅 ,153.43, 南 , 其他 ,23,2014, 塔楼,9, 9个月以前发布,1600000.0,10429,VR看装修 房本满两年 
笋盘十四号线太平站地铁百德公寓,新光百德广场,太平镇,1室0厅 ,56.86, 东北 , 精装 ,16,2014, 塔楼,5, 一年前发布,600000.0,10553,近地铁 随时看房 
低总价小区毛坯洋房业主诚心出售,云星钱隆天誉,太平镇,2室1厅 ,69.57, 南 , 毛坯 ,25,2016, 塔楼,31, 3个月以前发布,850000.0,12218,VR看装修 随时看房 
钱隆天誉 地铁口三房 配套齐全,云星钱隆天誉,太平镇,3室2厅 ,93.49, 东南 , 毛坯 ,25,2016, 塔楼,3, 4个月以前发布,1200000.0,12836,VR看装修 随时看房 
太平康乐东路 电梯房 阳台一线河景视野好 近商圈,康乐东路,太平镇,2室2厅 ,82.23, 东南 , 精装 ,6,2018, 平房,3, 2个月以前发布,990000.0,12040,VR看装修 随时看房 
逸泉映翠 中楼层 南向望花园 视野开阔,逸泉映翠,江浦街,3室2厅 ,95.19, 南 , 其他 ,24,2014, 塔楼,1, 4个月以前发布,1220000.0,12817,VR看装修 随时看房 
爱尚流溪花园 旺中带静 生态居住地,爱尚流溪,江浦街,3室2厅 ,127.73, 东南 , 简装 ,24,2015, 塔楼,2, 一年前发布,1450000.0,11353,VR看装修 
大城云山两房 两厅，装修新净，红本在手,大城云山,太平镇,2室2厅 ,83.0, 东南 , 简装 ,11,2016, 塔楼,23, 一年前发布,1500000.0,18073,近地铁 VR看装修 
电梯精装三房 过年红本在手 实用高 拎包入住 户型正,星汇峰,太平镇,3室2厅 ,100.08, 东北 , 简装 ,6,2010, 塔楼,6, 一年前发布,1350000.0,13490,VR看装修 
紫泉翠荔嘉园 精装电梯两房 拎包入住,紫泉翠荔嘉园,太平镇,2室2厅 ,72.6, 东北 , 简装 ,18,2009, 塔楼,27, 一年前发布,1100000.0,15152,VR看装修 
本小区配套成熟，相对周楼盘设施完善，生活便利,人盛巴厘天地,神岗镇,3室2厅 ,100.0, 西北 , 其他 ,10,2013, 塔楼,0, 10个月以前发布,1020000.0,10200,VR看装修 随时看房 
地铁口大城云山，舒适二房户型，满二，总价低,大城云山,太平镇,2室2厅 ,96.28, 西南 , 其他 ,22,2016, 塔楼,4, 一年前发布,1240000.0,12880,近地铁 VR看装修 随时看房 
光线好 朝向好望小区园林 户型方正 楼层也好,大城云山,太平镇,3室2厅 ,104.03, 东北 , 其他 ,17,2016, 塔楼,4, 6个月以前发布,1450000.0,13939,近地铁 VR看装修 随时看房 
珠江壹城精装三房未入住过，近地铁,珠江壹城,神岗镇,3室2厅 ,100.0, 东北 , 精装 ,27,2017, 板塔结合,1, 2个月以前发布,1800000.0,18000,近地铁 VR看装修 随时看房 
带精装修，格局方正，光线充足！,人盛巴厘天地,神岗镇,3室2厅 ,84.69, 东 , 精装 ,18,2013, 塔楼,13, 一年前发布,1100000.0,12989,VR看装修 
富力泉天下实用四房，适合居住，环境优美,富力泉天下,温泉镇,4室2厅 ,146.92, 西南 , 精装 ,18,2014, 塔楼,0, 3个月以前发布,1680000.0,11435,VR看装修 
富力泉天下3房2厅   南北对流户型,富力泉天下,温泉镇,3室2厅 ,98.0, 南 , 精装 ,18,2014, 塔楼,6, 一年前发布,1100000.0,11225,VR看装修 
君源御湖城 5室3厅 南,君源御湖城,江浦街,5室3厅 ,370.0, 南 , 毛坯 ,4, 塔楼 , 独栋别墅 ,0, 3个月以前发布,5170000.0,13973,VR房源 
业主诚心在售，3房，位置、楼层好,珠江壹城,神岗镇,3室1厅 ,101.97, 东北 , 其他 ,27,2017, 板塔结合,19, 6个月以前发布,1420000.0,13926,近地铁 VR看装修 
"生活便利,刚需2房,适合年轻人",俊嘉汇绿名居,新城片区,2室2厅 ,88.62, 东 南 , 精装 ,15,2000, 塔楼,3, 5个月以前发布,1250000.0,14106,房本满两年 
欣荣宏国际商贸城 地铁毛坯两房,欣荣宏国际商贸城,江浦街,2室2厅 ,96.11, 南 北 , 毛坯 ,18,2013, 塔楼,2, 1个月以前发布,1720000.0,17897,近地铁 房本满两年 
配套成熟小区  自带幼儿园  价格合理 过五唯一,紫泉翠荔嘉园,太平镇,4室2厅 ,150.77, 东南 , 其他 ,6,2004, 板楼,0, 一年前发布,1720000.0,11409,房本满五年 
方圆明月山溪 8室3厅 南 北,方圆明月山溪,温泉镇,8室3厅 ,466.48, 南 北 , 毛坯 ,3, 塔楼 , 独栋别墅 ,0, 1个月以前发布,12000000.0,25725,房本满五年 
广州14号线珠江壹城双排大别墅大花园,珠江壹城,神岗镇,4室2厅 ,354.57, 东南 , 精装 ,2, 板塔结合 , 独栋别墅 ,0, 1个月以前发布,6400000.0,18051,房本满五年 
广州后花园，东方夏湾拿精装修大别墅,东方夏湾拿,太平镇,5室2厅 ,270.5, 东南 , 精装 ,3, 板塔结合 , 独栋别墅 ,4, 3个月以前发布,5680000.0,20999,房本满两年 
雍禾苑 3室1厅 东北,雍禾苑,新城片区,3室1厅 ,89.91, 东北 , 其他 ,18,2012, 塔楼,0, 1个月以前发布,1640000.0,18241,房本满两年 
方圆明月山溪 1室1厅 东南,方圆明月山溪,温泉镇,1室1厅 ,57.99, 东南 , 其他 ,18,2014, 塔楼,0, 5个月以前发布,700000.0,12072,房本满五年 
富力泉天下单边位别墅，业主自住带精装修，自带车库,富力泉天下,温泉镇,4室2厅 ,221.91, 西 , 其他 ,3, 塔楼 , 联排别墅 ,0, 3个月以前发布,4200000.0,18927,房本满五年 
温泉财富小镇，原生态环境，负离子空气。,富力泉天下,温泉镇,3室2厅 ,195.25, 南 , 其他 ,3,2011, 塔楼,10, 7个月以前发布,2600000.0,13317,房本满两年 随时看房 
景业丽都高层电梯洋房。精装修，4房2厅,景业荔都,江浦街,4室2厅 ,139.61, 南 , 精装 ,26,2017, 塔楼,23, 一年前发布,1500000.0,10745,房本满两年 
精装修，保养好！小区环境优，人车分流！,逸泉山庄,赤草,6室2厅 ,266.43, 东南 北 , 精装 ,1,2011, 板塔结合,5, 一年前发布,6000000.0,22520,近地铁 房本满五年 
优质的森林 视野开阔 配套完善,方圆明月山溪,温泉镇,9室5厅 ,296.25, 南 北 , 精装 ,3,2012, 塔楼,12, 一年前发布,4500000.0,15190,房本满两年 
富力泉天下 负离子空气清新 优质森林 望山景 视野开阔,富力泉天下,温泉镇,6室1厅 ,315.38, 东南 , 毛坯 ,3,2014, 塔楼,3, 一年前发布,4800000.0,15220,房本满五年 
从化东方夏湾拿别墅区 地段繁华、绿化好、宜居生态,东方夏湾拿,太平镇,5室3厅 ,267.52, 东南 , 精装 ,3,2013, 板塔结合,11, 一年前发布,4100000.0,15326,房本满五年 
天然氧吧 依山而建 环境优美 度假盛地,富力泉天下,温泉镇,5室3厅 ,226.84, 南 , 精装 ,3,2011, 塔楼,35, 一年前发布,2800000.0,12344,房本满两年 
珠江壹城配套介绍，你值得拥有。,珠江壹城,神岗镇,4室2厅 ,324.0, 西南 , 精装 ,2,2013, 板塔结合,25, 一年前发布,4190000.0,12933,近地铁 房本满五年 
大城云山 三房两厅 朝南向 采光通风好 小区环境优美,大城云山,太平镇,3室2厅 ,92.06, 南 , 毛坯 ,10,2016, 塔楼,20, 一年前发布,1150000.0,12492,近地铁 房本满两年 随时看房 
方圆明月山溪别墅，业主诚心放卖，8房4卫,方圆明月山溪,温泉镇,8室2厅 ,368.04, 南 北 , 其他 ,3, 塔楼 , 独栋别墅 ,6, 4个月以前发布,4620000.0,12553,房本满五年 随时看房 
富力泉天下联排别墅，中空户型，格局方正实用,富力泉天下,温泉镇,4室2厅 ,190.79, 西南 , 毛坯 ,3,2014, 塔楼,29, 一年前发布,2200000.0,11532,房本满两年 
空气清新 负离子空气 优质的森林 层望山景视野开阔,富力泉天下,温泉镇,5室2厅 ,315.38, 南 , 其他 ,3,2010, 塔楼,7, 7个月以前发布,3200000.0,10147,房本满五年 
富力泉天下165平方实用联排别墅,富力泉天下,温泉镇,3室2厅 ,165.0, 南 , 精装 ,3,2014, 塔楼,61, 一年前发布,1950000.0,11819,随时看房 
富力泉天下联排别墅，价格便宜实惠，自带车库,富力泉天下,温泉镇,3室2厅 ,191.07, 南 , 毛坯 ,3,2012, 塔楼,50, 一年前发布,2050000.0,10730,房本满两年 
花林湖畔三房二厅，过五唯一，业主诚心出售。,利泰花林湖畔,鳌头镇,3室2厅 ,101.22, 东南 , 毛坯 ,9,2012, 塔楼,14, 一年前发布,1000000.0,9880,房本满五年 
流溪御景 双拼别墅 精装修 363方450万,珠光流溪御景,赤草,5室3厅 ,363.46, 东 , 其他 ,3, 暂无数据 , 独栋别墅 ,0,4,4500000.0,12382,房本满两年 随时看房 
富力泉天下别墅，四面环山，天然氧吧,富力泉天下,温泉镇,10室3厅 ,206.85, 东 , 精装 ,3,2014, 塔楼,72, 一年前发布,2650000.0,12812,
富力泉天下，前后带花园，泳池泡池双带，满两年,富力泉天下,温泉镇,5室3厅 ,328.08, 东南 , 精装 ,3,2014, 塔楼,29, 一年前发布,3600000.0,10973,
方圆明月山溪 1室1厅 北,方圆明月山溪,温泉镇,1室1厅 ,57.98, 北 , 其他 ,18,2014, 塔楼,0,24,680000.0,11729,房本满五年 
巴厘天地，大三房，适合居住，视野好。,人盛巴厘天地,神岗镇,3室2厅 ,108.99, 南 , 其他 ,17,2012, 塔楼,0,20,1400000.0,12846,房本满两年 
逸泉映翠 2室1厅 北,逸泉映翠,江浦街,2室1厅 ,76.63, 北 , 其他 ,24,2014, 塔楼,1,18,1000000.0,13050,房本满两年 
方圆明月山溪别墅，小区纵览群山景色优美,方圆明月山溪,温泉镇,8室2厅 ,370.32, 西北 , 其他 ,3, 塔楼 , 独栋别墅 ,1,29,3900000.0,10532,房本满两年 
富力泉天下高层洋房，可望流溪河全景，环境怡人,富力泉天下,温泉镇,3室2厅 ,121.7, 南 , 其他 ,18,2014, 塔楼,1,17,1120000.0,9203,房本满两年 
富力泉天下 5室2厅 西 北,富力泉天下,温泉镇,5室2厅 ,218.23, 西 北 , 其他 ,3, 塔楼 , 联排别墅 ,1,16,2600000.0,11915,房本满两年 
珠光山水御苑 2室1厅 东北,珠光山水御苑,江浦街,2室1厅 ,77.24, 东北 , 其他 ,30,2016, 塔楼,1,24,880000.0,11394,房本满两年 
珠江壹城 5室2厅 西南,珠江壹城,神岗镇,5室2厅 ,324.44, 西南 , 其他 ,2, 板塔结合 , 独栋别墅 ,5, 8个月以前发布,4500000.0,13871,房本满五年 随时看房 
温泉旅游区，环山，南临流溪河拥有丰富的原生态资源,方圆明月山溪,温泉镇,4室2厅 ,189.17, 东南 , 其他 ,16,2011, 塔楼,0, 3个月以前发布,1986000.0,10499,房本满五年 随时看房 
大城云山，满二 一楼复式，带个大花园，一层当二层用,大城云山,太平镇,3室2厅 ,91.69, 南 , 毛坯 ,15,2016, 塔楼,1, 3个月以前发布,1780000.0,19414,近地铁 房本满两年 随时看房 
楼层好，视野开阔，环境好，南北对流,珠光山水御苑,江浦街,3室2厅 ,103.48, 南 北 , 其他 ,31,2014, 塔楼,0, 9个月以前发布,1200000.0,11597,房本满两年 
山水御苑 刚需户型 温馨三房 业主诚心放卖,珠光山水御苑,江浦街,3室2厅 ,103.0, 东南 , 毛坯 ,32,2016, 塔楼,0, 2个月以前发布,1500000.0,14564,房本满两年 
东向大3房 交通便利 配套齐全 翰林国际笋盘出售,翰林国际,旧城区,3室1厅 ,128.87, 南 , 其他 ,11,2013, 塔楼,1, 一年前发布,2050000.0,15908,VR房源 
雍禾苑 3室1厅 北,雍禾苑,新城片区,3室1厅 ,114.42, 北 , 其他 ,13,2012, 塔楼,0, 2个月以前发布,2050000.0,17917,VR房源 
山水御苑低层舒适精装三房，位置安静,珠光山水御苑,江浦街,3室2厅 ,103.48, 南 , 其他 ,31,2014, 塔楼,15, 8个月以前发布,1150000.0,11114,VR看装修 
全屋智能化家装，两房一厅，实用度超强,大城云山,太平镇,2室1厅 ,60.0, 东南 , 精装 ,22,2016, 塔楼,96, 8个月以前发布,1050000.0,17500,近地铁 VR房源 随时看房 
大城云山  地铁物业 毛坯 东南向 地铁口800米,大城云山,太平镇,2室1厅 ,59.5, 东南 , 毛坯 ,22,2016, 塔楼,15, 3个月以前发布,880000.0,14790,近地铁 VR看装修 随时看房 
地铁口700米大城云山大三房精装修业主诚意出售,大城云山,太平镇,3室2厅 ,121.16, 南 北 , 精装 ,22,2016, 塔楼,1, 7个月以前发布,2300000.0,18984,近地铁 VR看装修 
南向，景色优美，格局方正，采光好。,大城云山,太平镇,3室2厅 ,121.24, 南 北 , 精装 ,22,2016, 塔楼,4, 2个月以前发布,2000000.0,16497,近地铁 VR看装修 
少有东南向，诚心出售，视野好。环境优美,逸泉映翠,江浦街,3室2厅 ,96.0, 南 , 毛坯 ,21,2014, 塔楼,8, 一年前发布,1150000.0,11980,VR看装修 
大城云山，地铁口600米东南向电梯3房,大城云山,太平镇,3室2厅 ,105.4, 东南 北 , 其他 ,22,2016, 塔楼,13, 10个月以前发布,1350000.0,12809,近地铁 VR看装修 
此房格局方正，南北 对流。成熟社区小区绿化环境好,关围新村,旧城区,2室1厅 ,45.0, 东 , 其他 ,6,2000, 塔楼,3, 6个月以前发布,750000.0,16667,VR看装修 
大城云山 地铁800米  小户型,大城云山,太平镇,1室1厅 ,42.95, 东北 , 简装 ,9,2016, 塔楼,8, 2个月以前发布,680000.0,15833,近地铁 VR看装修 
此房朝东北向，采光充足，视野开阔，交通便利。,大城云山,太平镇,2室1厅 ,59.5, 南 , 毛坯 ,22,2016, 塔楼,3, 6个月以前发布,960000.0,16135,近地铁 VR看装修 
大城云山  小户型  低总价  随时看房,大城云山,太平镇,1室1厅 ,49.3, 东 东北 东南 , 毛坯 ,22,2016, 塔楼,15, 10个月以前发布,750000.0,15213,近地铁 VR看装修 
风景秀美，自然环境青幽迷人，交通便利,逸泉山庄,赤草,4室3厅 ,280.51, 东南 , 毛坯 ,3,2011, 暂无数据,4, 一年前发布,5000000.0,17825,房本满五年 随时看房 
板块价值高-珠江壹城-5房2厅3卫-带精装修-你值得拥有,珠江壹城,神岗镇,5室2厅 ,324.0, 西南 , 精装 ,2,2013, 板塔结合,13, 一年前发布,4500000.0,13889,房本满五年 随时看房 
富力泉天下别墅，四面环山，天然氧吧,富力泉天下,温泉镇,5室2厅 ,165.83, 南 , 精装 ,3,2014, 塔楼,91, 一年前发布,2000000.0,12061,房本满五年 随时看房 
珠江壹城 别野 大户型带花园 环境好 空气好,珠江壹城,神岗镇,5室2厅 ,354.57, 东南 , 精装 ,2,2012, 板塔结合,0, 8个月以前发布,5500000.0,15512,房本满五年 
人盛巴厘天地 3室2厅 南,人盛巴厘天地,神岗镇,3室2厅 ,129.61, 南 , 其他 ,17,2012, 塔楼,0, 8个月以前发布,1350000.0,10416,房本满两年 随时看房 
空气清新 负离子空气 优质的森林 层望山景视野开阔,富力泉天下,温泉镇,4室2厅 ,226.43, 南 北 , 其他 ,3,2014, 塔楼,0, 6个月以前发布,3800000.0,16783,
富力泉天下 3室2厅 南,富力泉天下,温泉镇,3室2厅 ,119.1, 南 , 其他 ,18,2014, 塔楼,1, 6个月以前发布,1200000.0,10076,房本满五年 
顶层可复式  南北通透  采光好  户型方正,雅居乐小院流溪,赤草,4室2厅 ,148.51, 南 北 , 毛坯 ,16,2015, 塔楼,0,24,2380000.0,16026,房本满两年 
房子证过五年，采光好，南北对流,利泰花林湖畔,鳌头镇,2室1厅 ,79.26, 南 , 其他 ,9,2012, 塔楼,2,31,650000.0,8201,房本满五年 随时看房 
独栋别墅，超大花园，通风采光，户型方正,紫泉流溪湾,太平镇,5室2厅 ,423.89, 东南 , 其他 ,3, 板楼 , 独栋别墅 ,0,31,9800000.0,23120,房本满两年 随时看房 
利泰花林湖畔 3室2厅 西南,利泰花林湖畔,鳌头镇,3室2厅 ,98.21, 西南 , 其他 ,11,2012, 塔楼,0,12,884000.0,9002,房本满五年 
内街一巷 3室2厅 东南,内街一巷,神岗镇,3室2厅 ,87.19, 东南 , 精装 ,5,2006, 暂无数据,3, 4个月以前发布,799000.0,9164,房本满两年 随时看房 
广东动漫城 2室1厅 西,广东动漫城,神岗镇,2室1厅 ,54.12, 西 , 精装 ,11,2013, 塔楼,1, 2个月以前发布,650000.0,12011,房本满两年 随时看房 
东方 夏湾拿联排中间位，低密度住宅，房屋南北对流,东方夏湾拿,太平镇,3室2厅 ,140.19, 北 , 简装 ,3,2005, 板塔结合,5, 9个月以前发布,2380000.0,16977,房本满五年 
利泰华林湖畔，南向，满五唯一，环境优美。,利泰花林湖畔,鳌头镇,3室2厅 ,100.0, 南 北 , 其他 ,11,2012, 塔楼,1, 6个月以前发布,1000000.0,10000,房本满五年 
地铁物业  精装单间 带租出售总价低,新光百德广场,太平镇,1室1厅 ,44.4, 东南 , 简装 ,16,2014, 塔楼,1, 6个月以前发布,350000.0,7883,近地铁 房本满两年 
空气清新 负离子空气 优质的森林 景视野开阔配套完善,富力泉天下,温泉镇,3室2厅 ,201.96, 南 , 简装 ,3, 塔楼 , 联排别墅 ,0, 7个月以前发布,4200000.0,20797,房本满两年 
上城湾畔东区 高层 视野好 交通便利,上城湾畔东区,江浦街,3室2厅 ,83.54, 北 , 精装 ,17,2009, 塔楼,0, 1个月以前发布,1900000.0,22744,近地铁 房本满五年 
富力泉天下 电梯洋房 双阳台 户型方正 小区环境好,富力泉天下,温泉镇,2室2厅 ,81.36, 东北 , 精装 ,18,2014, 塔楼,0, 2个月以前发布,1200000.0,14750,房本满两年 
欣荣宏国际商贸城 地铁毛坯三房,欣荣宏国际商贸城,江浦街,3室2厅 ,94.13, 南 , 毛坯 ,18,2013, 塔楼,0, 1个月以前发布,1700000.0,18061,近地铁 房本满两年 
碧桂园物业 大三房 高绿化 环境优雅,君源御湖城,江浦街,3室2厅 ,104.72, 东南 , 毛坯 ,16,2011, 塔楼,0, 2个月以前发布,1260000.0,12033,房本满五年 
大城云山 电梯洋房 近地铁证过2年 户型方正,大城云山,太平镇,2室2厅 ,87.95, 西南 , 毛坯 ,17,2016, 塔楼,0, 1个月以前发布,1600000.0,18193,近地铁 房本满两年 
富力泉天下 3室2厅 东南,富力泉天下,温泉镇,3室2厅 ,123.18, 东南 , 精装 ,18,2014, 塔楼,0, 4个月以前发布,1300000.0,10554,房本满两年 
富力泉天下 2室2厅 北,富力泉天下,温泉镇,2室2厅 ,84.1, 北 , 精装 ,18,2014, 塔楼,2, 1个月以前发布,860000.0,10226,房本满五年 
方圆明月山溪 8室3厅 南 北,方圆明月山溪,温泉镇,8室3厅 ,466.48, 南 北 , 毛坯 ,3, 塔楼 , 独栋别墅 ,0, 1个月以前发布,12000000.0,25725,房本满五年 
欣荣宏国际商贸城 地铁毛坯两房,欣荣宏国际商贸城,江浦街,2室2厅 ,96.11, 南 北 , 毛坯 ,18,2013, 塔楼,2, 1个月以前发布,1720000.0,17897,近地铁 房本满两年 
"生活便利,刚需2房,适合年轻人",俊嘉汇绿名居,新城片区,2室2厅 ,88.62, 东 南 , 精装 ,15,2000, 塔楼,3, 5个月以前发布,1250000.0,14106,房本满两年 
从化温泉旅游区，三面环山，南临流溪河,侨宏花园,温泉镇,1室1厅 ,36.22, 南 , 其他 ,7,2008, 塔楼,7, 2个月以前发布,280000.0,7731,房本满两年 随时看房 
方圆明月山溪2-2-1-1 85.00m05 105 万,方圆明月山溪,温泉镇,2室2厅 ,84.5, 南 北 , 其他 ,18,2014, 塔楼,0, 4个月以前发布,1000000.0,11835,房本满两年 
明月山溪，三面环山，看湖，拥有丰富的原生态资源,方圆明月山溪,温泉镇,1室1厅 ,39.3, 南 北 , 其他 ,18,2014, 塔楼,0, 3个月以前发布,490000.0,12469,房本满两年 
映翠南向小三房户型，刚需户型静等有缘的你,逸泉映翠,江浦街,3室2厅 ,95.76, 南 , 其他 ,24,2014, 塔楼,0, 9个月以前发布,1230000.0,12845,房本满两年 
富力泉天下南向大三房，朝南，采光好,富力泉天下,温泉镇,5室2厅 ,376.89, 南 北 , 毛坯 ,3, 塔楼 , 双拼别墅 ,0, 3个月以前发布,3500000.0,9287,房本满五年 
名城御景绿洲 4室2厅 东南,名城御景绿洲,江浦街,4室2厅 ,145.94, 东南 , 其他 ,27,2011, 塔楼,0, 2个月以前发布,1780000.0,12197,近地铁 房本满五年 
东方夏湾拿 4室2厅 东,东方夏湾拿,太平镇,4室2厅 ,174.04, 东 , 精装 ,2,2004, 暂无数据,0, 4个月以前发布,3300000.0,18962,房本满两年 
小区环境漂亮  空气  水源优优质,方圆明月山溪,温泉镇,7室3厅 ,366.4, 南 , 其他 ,3, 塔楼 , 独栋别墅 ,0, 6个月以前发布,3880000.0,10590,房本满五年 
全封闭小区管理，楼龄新的小区，交通便利、配套齐全。,蜜糖苑,旺城片区,3室2厅 ,101.0, 南 , 其他 ,9,2012, 暂无数据,3, 2个月以前发布,1600000.0,15842,房本满五年 
优质房源卖点详情讲解以及介绍.,利泰花林湖畔,鳌头镇,2室2厅 ,79.29, 南 , 其他 ,11,2012, 塔楼,0, 4个月以前发布,820000.0,10342,房本满五年 
稀有独栋别墅，8米中空客厅。超大花园。临水系,紫泉流溪湾,太平镇,6室2厅 ,589.36, 东南 , 毛坯 ,3, 板楼 , 独栋别墅 ,1, 5个月以前发布,12800000.0,21719,随时看房 
户型朝南，超大花园，采光好，景色好，靠湖边,紫泉流溪湾,太平镇,7室4厅 ,736.89, 南 , 其他 ,2,2015, 暂无数据,0, 1个月以前发布,16800000.0,22799,随时看房 
南向电梯高层3房 超大阳台 视野无遮挡,大城云山,太平镇,3室2厅 ,121.3, 南 北 , 毛坯 ,22,2016, 塔楼,2, 7个月以前发布,1520000.0,12531,近地铁 
①广州后花园区域②优质森林+负离子空气③环境优美,富力泉天下,温泉镇,3室2厅 ,123.18, 南 , 其他 ,18,2014, 塔楼,7, 5个月以前发布,1250000.0,10148,
富力泉天下 6室3厅 南,富力泉天下,温泉镇,6室3厅 ,411.49, 南 , 毛坯 ,3, 塔楼 , 独栋别墅 ,0, 2个月以前发布,5800000.0,14096,
此房西南向格局方正，楼层好，视野宽阔，采光充足,骏逸湖畔花苑,太平镇,3室1厅 ,163.38, 南 , 其他 ,16,2009, 塔楼,1, 5个月以前发布,1950000.0,11936,
小区安静，楼龄新，花园大，小区24小时有监控。,君源御湖城,江浦街,5室3厅 ,369.92, 南 , 毛坯 ,4, 塔楼 , 独栋别墅 ,1, 7个月以前发布,5000000.0,13517,
方正大三房，景色没得挑，可能你会喜欢。,珠江壹城,神岗镇,3室2厅 ,118.0, 西南 , 其他 ,27,2017, 板塔结合,0, 5个月以前发布,1799000.0,15246,近地铁 
大城云山 精装修电梯三房 保养新净 业主诚意出售,大城云山,太平镇,3室1厅 ,95.98, 东 , 其他 ,22,2016, 塔楼,0, 3个月以前发布,1700000.0,17713,近地铁 
离地铁口1.8公里，35%高绿化，生活配套成熟，南北对流,人盛巴厘天地,神岗镇,3室2厅 ,101.81, 南 , 毛坯 ,10,2012, 塔楼,9, 一年前发布,1250000.0,12278,VR看装修 房本满五年 随时看房 
